"","Year","Country","iso3","Cluster","fitGHG","lwrGHG","uprGHG","fitBio","lwrBio","uprBio","fitWat","lwrWat","uprWat","fitEF","lwrEF","uprEF"
"1",2010,"Afghanistan","AFG","9",1.38014838159946,1.32922595742858,1.43302163532567,5.77919185365298e-12,5.48816921093791e-12,6.08564663326427e-12,190.106661033395,162.241681763981,222.757445413079,0.677009167579904,0.624118542999117,0.734381982603397
"2",2010,"Albania","ALB","4",4.45195957287401,4.31597578817098,4.59222780925373,1.74684703296545e-11,1.70780817273043e-11,1.78677828418021e-11,13.018271286029,12.1602002247668,13.936891181403,0.591721854109909,0.57201499225948,0.612107649920543
"3",2010,"Algeria","DZA","6",5.13256222837718,4.9012594754141,5.37478073958498,5.88848617697835e-12,5.58769780910795e-12,6.20546612237083e-12,26.710729736283,23.5233215222797,30.3300315123019,0.548705128766066,0.51792138105288,0.581318573336607
"4",2010,"Angola","AGO","10",3.64509172313813,3.45058084539943,3.85056727124794,2.02286077958388e-11,1.93142341736415e-11,2.11862696537204e-11,5.95557996747607,4.97761123425254,7.12569364697047,0.447916759579662,0.413798721307349,0.484847857621405
"5",2010,"Argentina","ARG","3",9.06793188370989,8.81957202033554,9.32328558097926,2.17881900704611e-11,2.13524847991288e-11,2.22327860674046e-11,5.07491248774825,4.52862749367193,5.68709543769973,0.589816785704411,0.560866352177775,0.62026156382513
"6",2010,"Armenia","ARM","4",3.70652620104698,3.39171583249457,4.05055646095899,1.2688037343262e-11,1.22853196330853e-11,1.31039563016709e-11,86.1031136082186,78.1792447472615,94.8301073641352,0.9392717642868,0.877546020634029,1.00533923742145
"7",2010,"Australia","AUS","1",28.8323172173731,27.9714323326815,29.7196978058198,6.71998072618918e-11,5.7865753370824e-11,7.80394937070375e-11,43.3634854366849,38.9403669827565,48.2890125316552,2.58100230946126,2.35431357378508,2.82951812180839
"8",2010,"Austria","AUT","1",17.9341580155825,17.5560193660461,18.3204413837646,1.14203482833903e-11,1.11830837561578e-11,1.16626467044137e-11,25.3988470245465,24.6526484286816,26.1676319297924,1.02107095296558,0.998604371487503,1.04404298715118
"9",2010,"Azerbaijan","AZE","5",4.99528395204855,4.7749988494659,5.22573147098974,1.3403628058719e-11,1.28725648528011e-11,1.39566005058725e-11,83.7813810395432,80.0233181907481,87.7159304012049,1.04706705499596,1.01514328057175,1.07999475408084
"10",2010,"Bahrain","BHR","3",21.2437937875058,20.6443506872141,21.8606427164395,1.72124825446576e-11,1.60495817467739e-11,1.84596433741768e-11,248.246653164909,220.568708048046,279.39775026544,2.64840340803872,2.50473386780976,2.80031371869639
"11",2010,"Bangladesh","BGD","8",1.90448921228047,1.82740536390945,1.98482462146939,2.53323809906217e-12,2.47710452589957e-12,2.59064371303009e-12,4.69664826708179,4.44145634775047,4.96650270037095,0.166754922322047,0.161749189648821,0.17191556989562
"12",2010,"Belarus","BLR","3",8.0562755758607,7.79866783571693,8.32239268570451,4.08699214793117e-12,3.96149284681493e-12,4.21646724180779e-12,6.02454403053548,5.3990101054107,6.72255285084332,0.34367813839551,0.325173067564619,0.363236302734486
"13",2010,"Belgium","BEL","1",18.6119234463207,18.2005007524518,19.0326463586469,1.19918800813774e-11,1.14424634043785e-11,1.25676773264671e-11,43.812952558057,41.1827405364993,46.6111479432331,1.26015749260148,1.20502686667068,1.31781037425917
"14",2010,"Benin","BEN","10",2.33999447902608,2.24302025714643,2.44116126210941,2.45912821038103e-12,2.36217556361923e-12,2.56006016158526e-12,3.95978826342563,3.22132759114209,4.86753447065723,0.167065636756519,0.155491458443914,0.179501351805307
"15",2010,"Bhutan","BTN","8",11.7874450920712,11.4108749270775,12.1764424451701,4.37313147845031e-11,4.25758922112222e-11,4.49180931615854e-11,23.2720727980067,20.7644651886424,26.0825100668597,1.3490050292397,1.29764646915545,1.40239627061012
"16",2010,"Bolivia","BOL","7",4.61754626532749,4.41422776475645,4.83022957779258,7.07939854286981e-11,6.95820003018372e-11,7.20270810143179e-11,1.59346442655425,1.48654455079789,1.70807452580617,0.474148598031888,0.45571000566844,0.493333238724573
"17",2010,"Botswana","BWA","7",7.55896730183127,7.31439924630075,7.81171286200323,7.93771649402536e-11,7.69293395394153e-11,8.19028780394508e-11,12.7106153731442,11.5374910466661,14.0030221917869,1.15995021516348,1.11308408542352,1.20878963168884
"18",2010,"Brazil","BRA","4",7.92222105641354,7.66978507377924,8.18296547594868,3.9474439001087e-11,3.84273984388163e-11,4.05500085292409e-11,3.140177282595,2.68218632055941,3.67637150728185,0.585738140629411,0.553381760364544,0.61998640714502
"19",2010,"Bulgaria","BGR","3",7.66836490735387,7.50625646091642,7.83397431975794,6.30809391864063e-12,6.15354331015737e-12,6.46652617536761e-12,13.4965636451252,12.860516732628,14.1640677442432,0.511217662631965,0.496520906568564,0.52634943489696
"20",2010,"Burkina Faso","BFA","10",1.81818427170458,1.76705338682269,1.87079466332253,2.21738032585734e-12,2.1359758930092e-12,2.30188717278657e-12,2.37188823871723,1.98105399232985,2.8398286158515,0.125080202803376,0.116941284855116,0.133785575835917
"21",2010,"Burundi","BDI","10",1.65202596671522,1.56353536120279,1.74552482944924,6.54083595659596e-12,6.27779873970074e-12,6.81489432602263e-12,2.31082544294501,2.13081988563562,2.50603735386538,0.1722411420581,0.165261657502973,0.179515390718774
"22",2010,"Cambodia","KHM","9",3.55425002490427,3.4611988297442,3.64980281715443,1.6418339106681e-11,1.59135262937204e-11,1.69391657164221e-11,2.99228853376842,2.48228191429923,3.60708049224525,0.329375553503486,0.309216086033654,0.350849325587546
"23",2010,"Cameroon","CMR","9",2.76700587067964,2.68036815847818,2.85644397921909,1.72059419367177e-11,1.64203233419853e-11,1.80291478897216e-11,2.37257513103903,2.07442636720912,2.71357558957281,0.284861644115077,0.267899578259076,0.302897663427717
"24",2010,"Canada","CAN","1",24.5569739282498,24.1145635958371,25.0075008040719,9.8288435378847e-12,9.57215526456534e-12,1.00924152003509e-11,32.33851166201,30.7340678903715,34.0267139463691,1.16895261567968,1.14002790130375,1.198611206043
"25",2010,"Central African Republic","CAF","11",2.36295471032864,2.316971305652,2.40985071737567,8.13359070121187e-12,7.70131955374794e-12,8.59012500820654e-12,0.412561531814089,0.359230868804715,0.473809553447133,0.117509583864477,0.113267515417491,0.121910525264954
"26",2010,"Chad","TCD","11",4.65638493967476,4.51263839683426,4.80471041545016,5.79847294926641e-12,5.45778094154699e-12,6.1604320333612e-12,1.93088806177473,1.53368419371709,2.43096246435721,0.220142727858715,0.201600143673174,0.240390804024636
"27",2010,"Chile","CHL","3",9.06550421866766,8.6802551718688,9.46785147572886,1.5150914550543e-11,1.5032647604043e-11,1.52701119432958e-11,12.1319042576076,11.3390736599831,12.9801697501254,0.698636175752078,0.671193188344889,0.727201220967525
"28",2010,"China","CHN","5",7.47130812228119,6.82585149904715,8.17779951202528,5.25638887864607e-12,4.93643076694305e-12,5.5970852925917e-12,26.1998828922312,24.383097317556,28.1520372341046,0.594920547789324,0.548467895513039,0.645307521328814
"29",2010,"Colombia","COL","4",4.91234944977769,4.82915230752465,4.99697992112005,1.04915651532015e-10,1.0288768647379e-10,1.06983588742578e-10,4.49528001138016,4.24835212020606,4.75656014589814,0.779758113432379,0.766153623659816,0.793604176351966
"30",2010,"Costa Rica","CRI","4",5.11781624216217,4.94728143878505,5.29422944957245,5.74069028776599e-11,5.52324042649074e-11,5.96670114557904e-11,28.2804307114839,26.3543828858478,30.3472391932394,1.19355585905439,1.15175570168455,1.23687305094256
"31",2010,"Croatia","HRV","2",9.47037138384364,9.17862697441884,9.77138894497924,7.6676292894301e-12,7.40790318334863e-12,7.93646156881197e-12,14.0174392738653,12.3705572233903,15.8835693694525,0.592784366091527,0.557512321236378,0.630287961893397
"32",2010,"Cuba","CUB","6",4.86146932284507,4.64126009485841,5.09212659793519,1.05919943055129e-10,1.02887054479157e-10,1.09042234648428e-10,29.2148765838283,28.2310689562545,30.2329683346698,1.45472506603189,1.41197618142915,1.49876821264755
"33",2010,"Cyprus","CYP","2",11.332855209544,10.7872098328597,11.9061007610382,2.02427426570276e-11,1.93446669096253e-11,2.11825115517889e-11,49.3573970654193,44.8380166907105,54.3323015796589,1.32327910515933,1.24320943950789,1.4085057066848
"34",2010,"Czechia","CZE","2",13.5844052300753,13.3770222060834,13.7950032983408,8.127053300464e-12,7.93459310641616e-12,8.32418177753481e-12,14.5378197058872,14.0290378298132,15.0650532391996,0.689957191495131,0.674858522413929,0.705393664427736
"35",2010,"Denmark","DNK","1",18.0337811723608,17.5548573358599,18.5257707966822,1.38356259399325e-11,1.29489042215461e-11,1.47830690438821e-11,31.0501996626399,29.429306886499,32.7603671676039,1.16604275690381,1.11436008745536,1.22012240588462
"36",2010,"Djibouti","DJI","8",4.15223850306023,3.69950743206231,4.66037300989681,1.83051108084844e-11,1.77860595318674e-11,1.88393095789729e-11,44.0633160621641,35.4305100668536,54.7995447632739,0.881674779259625,0.783464444344076,0.992196164094356
"37",2010,"Dominican Republic","DOM","5",4.35062216045732,4.24989136974091,4.45374046918668,6.06842801159046e-11,5.90601504870681e-11,6.23530726355314e-11,54.6878684764983,48.1579825638687,62.1031612887091,1.43495185579268,1.36228745372461,1.5114921764956
"38",2010,"Ecuador","ECU","6",4.83244814564575,4.69673709103358,4.97208053755805,8.288623318212e-11,7.74818693687989e-11,8.86675516103035e-11,3.57768334801045,3.43053198985156,3.7311467074193,0.664377591461843,0.640831629635153,0.688788698348024
"39",2010,"Egypt","EGY","6",3.30590244084969,3.16389798206667,3.45428045100148,1.2076751587984e-12,1.15303940587119e-12,1.26489977857848e-12,549.114749668631,512.244645719097,588.638672602141,0.765535907229359,0.745346547933334,0.786272139962866
"40",2010,"El Salvador","SLV","5",4.34492571369011,4.22728584225837,4.46583934986521,2.56171261058066e-11,2.53374441340621e-11,2.58998952873306e-11,7.86674118634214,7.10914594552051,8.7050705340894,0.563767905839191,0.543061820018401,0.585263481869406
"41",2010,"Equatorial Guinea","GNQ","9",11.0616012954149,9.99932437787852,12.2367290623574,3.30868040744401e-11,3.07137085658462e-11,3.56432568705734e-11,24.692413925656,19.0572698785382,31.9938432609687,1.22746729758581,1.07897229251936,1.39639912636179
"42",2010,"Eritrea","ERI","10",2.79326626449163,2.63649024819105,2.959364795565,2.59844801741294e-11,2.50473796860879e-11,2.69566405101747e-11,9.14236082405879,7.06155176880475,11.8363164604304,0.513995578443707,0.456946541074834,0.578167095954479
"43",2010,"Estonia","EST","2",16.7863907148515,16.3498304491151,17.2346076681732,4.50353948403987e-12,4.35465908175109e-12,4.6575099229468e-12,21.2155068546923,18.8569848025664,23.8690191360943,0.689793946422121,0.658320280581139,0.722772338261512
"44",2010,"Ethiopia","ETH","11",2.74949491262433,2.70885409795133,2.79074545958913,8.45320386180382e-12,8.16287089092464e-12,8.75386325277537e-12,2.20549246568875,1.83507023093639,2.65068711497095,0.218906045018845,0.207703193357023,0.230713142977164
"45",2010,"Finland","FIN","1",23.3766645033661,22.8840607211668,23.8798721066788,7.23435408421565e-12,6.99236194670568e-12,7.48472110206834e-12,19.8283094550712,18.603807644773,21.1334079212827,0.882037680668182,0.852952494215009,0.912114655147948
"46",2010,"France","FRA","2",12.400975469552,12.1045900379254,12.7046180097469,1.05850234666605e-11,1.02160214631431e-11,1.09673537975597e-11,26.4771109706805,25.2475848712051,27.7665134677203,0.892628119456759,0.860788487186209,0.925645465182141
"47",2010,"Gabon","GAB","7",13.6436265114838,13.1482316084762,14.1576867466237,4.50792423544507e-11,4.37661368205579e-11,4.64317446975754e-11,8.83687633480188,8.30686906481142,9.40069992042837,1.03609491768283,1.00436242617484,1.06882998653845
"48",2010,"Georgia","GEO","4",4.46646561373894,4.26798002749639,4.67418191982839,1.11836734985215e-11,1.05845999674213e-11,1.18166537522913e-11,73.6803224846378,63.275764355139,85.795722529258,0.909838838110285,0.856918986932748,0.966026805284035
"49",2010,"Germany","DEU","1",16.810099546344,16.5591063532276,17.0648971466335,9.79574620663214e-12,9.53193661340391e-12,1.00668570969946e-11,35.115397180243,33.7085391996226,36.5809717182887,1.05770917680545,1.03184965112168,1.08421677662276
"50",2010,"Ghana","GHA","8",2.21535962258141,2.13684293635684,2.29676134537596,1.01541569800526e-11,9.79204825815605e-12,1.05296564372699e-11,4.08869310885299,3.64084588123105,4.59162839728041,0.266004315153184,0.25500579521825,0.277477206428014
"51",2010,"Greece","GRC","2",13.2099272471664,12.3750890032049,14.1010846734303,2.10070490372045e-11,2.02733321845977e-11,2.17673200060709e-11,53.5418041132415,48.4676156549905,59.1472212725932,1.44871836639541,1.35260523446932,1.55166108458454
"52",2010,"Guatemala","GTM","7",4.8602942441668,4.76855512459124,4.95379827278515,3.30139544077676e-11,3.10340209793138e-11,3.51202052213815e-11,8.1993886812881,7.34208160984419,9.15680025358124,0.64572113572559,0.612355750688206,0.680904498168169
"53",2010,"Guinea","GIN","10",3.62130608141928,3.56257994835394,3.68100026537887,1.76756172908864e-11,1.70916353419393e-11,1.82795525626066e-11,2.88370819663013,2.52366128190867,3.29512245677538,0.335527550191025,0.323509518113573,0.347992039287291
"54",2010,"Haiti","HTI","10",2.62931077609834,2.57163671962511,2.68827828773368,5.21183527054826e-11,5.14871337585486e-11,5.27573102334928e-11,6.18937522462286,5.6867910053421,6.73637656723956,0.557815972162024,0.539540552303576,0.576710420506054
"55",2010,"Honduras","HND","7",3.31127005732684,3.26161782091316,3.36167815930058,4.69755583682445e-11,4.57805774266684e-11,4.82017311280763e-11,11.2315056145469,10.0928466582147,12.4986262688264,0.709740058367568,0.680134478254454,0.740634340056411
"56",2010,"Hungary","HUN","2",8.85937302862193,8.64906344351702,9.07479647627114,3.61771632721997e-12,3.5330211720969e-12,3.70444183227639e-12,9.04656547337654,8.44235544031248,9.69401814963851,0.390036170446826,0.376327094707646,0.404244648860609
"57",2010,"Iceland","ISL","1",18.1907627192013,17.2085804340175,19.2290032042481,9.58529340294891e-12,8.8632249488509e-12,1.03661872682728e-11,29.1808078318727,26.2566820268851,32.4305845212577,1.01355896085793,0.931955198829242,1.10230810282077
"58",2010,"India","IND","8",2.72031143508251,2.62953461258102,2.81422205603794,5.26867512392153e-12,5.22176076733937e-12,5.31601097757175e-12,67.5295244422495,66.5995288109244,68.4725065299314,0.582911182540538,0.576026415761813,0.589878237235755
"59",2010,"Indonesia","IDN","7",4.15855762690964,4.04899366041549,4.27108634557697,2.58955982835764e-11,2.56709776216675e-11,2.61221843728445e-11,9.48160654217763,8.2037890669014,10.9584561338096,0.593400637192951,0.562118476003033,0.626423665567436
"60",2010,"Iran","IRN","6",9.37299689638018,9.03809922470591,9.72030386426867,8.19972185191219e-12,7.86800174238173e-12,8.54542749864382e-12,268.790853800641,255.048381719264,283.273795347593,1.61694470172891,1.5804283723936,1.65430475314071
"61",2010,"Iraq","IRQ","6",5.40286135533009,4.9937748459024,5.84545994276688,4.3290953489541e-12,4.07024318311973e-12,4.60440953947412e-12,144.611724501427,136.224619499414,153.515208485252,0.884584449768581,0.840961296151661,0.930470465588784
"62",2010,"Ireland","IRL","2",16.9339749437382,16.3345749895626,17.5553699792242,7.69488992441585e-12,7.36839998262736e-12,8.03584646442653e-12,34.2066412241701,29.9261631053933,39.0993760114946,0.969813874673837,0.920919895211651,1.02130375986037
"63",2010,"Israel","ISR","2",14.7779188001059,14.4968936669323,15.0643916607231,8.68475753479923e-12,8.47976394844522e-12,8.89470672731183e-12,56.3078015840184,51.8247889332262,61.1786093969492,1.13931633096099,1.09905764963356,1.1810496950976
"64",2010,"Italy","ITA","2",12.5344594914066,11.9802315252347,13.1143270821417,1.62335487818392e-11,1.54781742479329e-11,1.70257875270752e-11,40.5075829518352,37.6301260851519,43.6050698551143,1.19037266265346,1.12269437130375,1.2621307385261
"65",2010,"Jamaica","JAM","5",5.16339146676756,4.96032221699021,5.37477411200618,5.11271197928298e-11,5.024322789732e-11,5.20265613437986e-11,12.4886014784349,11.7790732511946,13.2408690871626,0.877063834300394,0.857117063047501,0.897474805486491
"66",2010,"Japan","JPN","2",14.7765150429562,14.525279008952,15.0320965731635,1.2011140352441e-11,1.14442327797337e-11,1.26061305587488e-11,24.6134279828743,22.759311446731,26.6185925038234,0.963327435638286,0.916998337711253,1.01199719791166
"67",2010,"Jordan","JOR","4",5.47256362127849,5.25537571932427,5.69872720590023,4.19150445262164e-12,3.91256281044205e-12,4.4903329166905e-12,63.0526767860036,55.2215301708943,71.994384030591,0.666426974243826,0.613685240592233,0.723701472062749
"68",2010,"Kazakhstan","KAZ","4",13.3567544625672,12.568189551185,14.1947962390882,3.57509861879137e-11,3.47135151935168e-11,3.68194637242357e-11,82.4385985859949,76.9015555932218,88.3743181057551,2.00464587071986,1.93241682396121,2.07957466379151
"69",2010,"Kenya","KEN","9",2.89939898689118,2.81114407016271,2.99042463686289,9.57974804836064e-12,9.20815588275361e-12,9.96633569615744e-12,6.75178012210503,6.32933533657463,7.20242053756052,0.337306409898743,0.33097174473854,0.343762317984755
"70",2010,"Kuwait","KWT","3",35.7650501571326,34.1322718723289,37.4759353120943,2.46058604578696e-11,2.26835217327323e-11,2.66911097847074e-11,427.876232284292,334.880433016061,546.696826998609,4.25536019429553,3.75618052536307,4.82087861883172
"71",2010,"Kyrgyzstan","KGZ","6",2.69864136602833,2.47383866482748,2.94387234138696,1.33868496694935e-11,1.31114667080808e-11,1.36680165586028e-11,69.0961134416587,64.9279184602128,73.5318951533646,0.799386605793833,0.781173635582105,0.818024209235388
"72",2010,"Laos","LAO","9",4.43833833165419,4.23623860714411,4.65007969877104,2.86696957670746e-11,2.81117905605688e-11,2.92386731327436e-11,3.20437966188654,3.0649174846356,3.35018775186794,0.436978724604285,0.426844358460691,0.447353706267557
"73",2010,"Latvia","LVA","2",11.4855020687152,11.0597627718008,11.9276299584662,3.53318352117941e-12,3.3901713754603e-12,3.68222854003621e-12,11.9293723515329,11.0084016764722,12.9273920850535,0.462710192036756,0.438843722937587,0.48787463651415
"74",2010,"Lebanon","LBN","6",8.54671434199159,8.33634511716189,8.76239227347072,1.24347633503511e-11,1.19797990481768e-11,1.29070061156634e-11,65.4808223449042,60.5399844734412,70.8248958478993,1.12507485919861,1.08335085185558,1.16840581851457
"75",2010,"Liberia","LBR","10",3.11478825473507,3.00178670553589,3.23204372047597,3.88679590991426e-11,3.72777545267726e-11,4.05259990498524e-11,0.804440788198607,0.695067095176136,0.931025200601115,0.271124807597448,0.256991586482475,0.286035283492698
"76",2010,"Libya","LBY","6",13.3252538422856,12.8838846473384,13.7817432258701,8.00865512062477e-12,7.46151206980655e-12,8.59591946525823e-12,274.717957466087,258.303514405042,292.175491023307,1.81707080791095,1.72377423223582,1.91541691435985
"77",2010,"Lithuania","LTU","2",12.0077243563805,11.5375902028602,12.4970155538258,5.02468085280105e-12,4.74639228034673e-12,5.31928592945149e-12,19.6070048757563,17.3247166041432,22.1899525967422,0.62324378598503,0.586670660849247,0.662096884488258
"78",2010,"Luxembourg","LUX","1",35.7513497161734,34.4348060629398,37.1182286954634,4.20419219474203e-11,3.80538840342668e-11,4.64479052766693e-11,104.485201958091,85.9975910973084,126.947246881253,3.17936999175402,2.84934418335032,3.54762109945605
"79",2010,"Madagascar","MDG","11",2.36036620473404,2.33172186502467,2.38936242955017,3.05803806872977e-10,2.90675365590156e-10,3.21719620471245e-10,5.51379757590943,5.23712910618818,5.80508196221129,0.933875191703619,0.913134837013606,0.955086629409228
"80",2010,"Malawi","MWI","10",1.48989653582226,1.46621906510851,1.51395636592058,5.0139311017383e-12,4.86056745980639e-12,5.17213376850859e-12,3.0832008366449,2.51271171567327,3.78321450080903,0.167665317828374,0.155384788319726,0.180916414704933
"81",2010,"Malaysia","MYS","3",8.45201887094691,8.00771030787452,8.92097993662362,3.00163605981346e-11,2.9274078395133e-11,3.07774643285453e-11,19.4163319396495,17.8825218853402,21.0816991254297,1.00267387818286,0.954871436036731,1.05286938958302
"82",2010,"Mali","MLI","10",1.56454491567345,1.52445007015999,1.60569430319403,3.50475401175018e-12,3.35709617293856e-12,3.65890640306771e-12,5.8386923522243,5.60120366687936,6.08625045818332,0.187119133292634,0.185190318601487,0.189068037187907
"83",2010,"Malta","MLT","2",9.28378347582864,9.03145364088665,9.54316315547266,8.32144010878475e-12,8.05783811152156e-12,8.59366551247526e-12,33.9473862329105,30.0381901155797,38.3653285238606,0.812657883633555,0.766596224335307,0.861487201302607
"84",2010,"Mauritania","MRT","9",5.02688508190458,4.70569205560693,5.37000154877658,1.69347874897956e-11,1.450255706303e-11,1.97749283852582e-11,26.3339663047307,19.7774063642465,35.064141807409,0.771251701775074,0.649393365700642,0.915976692877322
"85",2010,"Mexico","MEX","6",7.24840307460311,7.09000474931119,7.410340188703,4.54479632866225e-11,4.44274829380572e-11,4.64918836338766e-11,32.1192178549431,31.1777406208948,33.089124967635,1.29371430869587,1.26257996119875,1.3256164076415
"86",2010,"Moldova","MDA","4",6.0638350005915,5.81592953816039,6.32230749584168,2.658711830396e-12,2.56975647042488e-12,2.75074649230046e-12,8.40396982383264,7.20503219233595,9.80241405097616,0.302667309825248,0.285426373616091,0.320949670054205
"87",2010,"Mongolia","MNG","7",9.7937935527296,9.03375422768197,10.6177774750133,4.48360566890277e-11,4.35548703060300e-11,4.6154929754053e-11,8.14272485467139,6.66569196345983,9.94704952199264,0.901115608553263,0.829472867433868,0.978946234239611
"88",2010,"Morocco","MAR","5",3.29316868965082,3.19796886719977,3.39120250035225,7.15658219242708e-12,6.89520830121631e-12,7.42786387873588e-12,62.8945119463768,57.6028161627395,68.6723305644855,0.671906132455183,0.649279455400969,0.695321324393485
"89",2010,"Mozambique","MOZ","11",2.06683025544198,1.97220712895849,2.16599323777227,2.02632255873244e-11,1.94722888599477e-11,2.10862890416213e-11,3.84958320229491,3.21785912053256,4.60532617380047,0.320730435661418,0.296259471914785,0.347222695344411
"90",2010,"Namibia","NAM","8",6.48724873271006,6.21081298722305,6.77598829760688,3.21138621011904e-10,3.13175611672301e-10,3.293041030709e-10,12.3851214003177,10.10856203065,15.1743869835801,1.74133472000126,1.61654028990264,1.87576308862954
"91",2010,"Nepal","NPL","8",3.44220640069783,3.31241199254305,3.5770867065085,7.69208325017429e-12,7.60858803471247e-12,7.77649472644209e-12,8.21056999548981,7.4154592435318,9.0909352255748,0.354336483828811,0.339249951953664,0.370093917623647
"92",2010,"Netherlands","NLD","1",18.2963416339367,17.7669110511281,18.8415485518216,1.59962446334961e-11,1.52850173262673e-11,1.67405660662825e-11,48.0224863278942,45.0992747021334,51.1351725353512,1.42213269378588,1.35897623889152,1.48822425356336
"93",2010,"New Zealand","NZL","1",18.2088581924135,17.9240024753581,18.4982409552363,9.83141798865543e-11,9.46843982504103e-11,1.02083111318964e-10,24.1200674223956,21.6936027873815,26.8179360599021,2.06739568126442,2.01617398444128,2.11991868553707
"94",2010,"Nicaragua","NIC","7",3.93636820034454,3.88167322280773,3.99183386113985,7.16192425789467e-11,6.85704973235328e-11,7.48035395365534e-11,5.7322785572359,5.01391189901435,6.55356897360042,0.691536937658024,0.6552641224672,0.729817671605203
"95",2010,"Niger","NER","11",1.54578992391488,1.45776205069797,1.63913341531473,3.08140027144599e-12,2.97971152375312e-12,3.18655935555395e-12,3.01074166926637,2.83905514254021,3.19281061619199,0.143171036149889,0.13966784241958,0.146762098111708
"96",2010,"Nigeria","NGA","9",4.23001499432026,4.18903597301059,4.27139489072346,5.52530120705569e-12,5.34098108535168e-12,5.71598231501337e-12,3.78918951567829,3.28959313239027,4.36466049383242,0.262671248340395,0.25213438096431,0.273648458575223
"97",2010,"Norway","NOR","1",18.5837665123362,18.138588059704,19.0398710554686,1.21448877230104e-11,1.1699318047334e-11,1.26074269635007e-11,33.4726788359377,31.182188562347,35.9314172644943,1.1562996098032,1.10938366156154,1.20519963828299
"98",2010,"Oman","OMN","4",20.9280960592432,20.1001995685859,21.7900923406466,1.15053326714689e-11,1.09907685725235e-11,1.20439875526173e-11,293.752275467713,264.341034858684,326.435883814217,2.43706916096359,2.32670540718593,2.55266785256805
"99",2010,"Pakistan","PAK","8",2.96746596807123,2.88978944703828,3.04723040659103,1.08217382160332e-12,1.04077072126535e-12,1.12522398664302e-12,315.099240704576,297.59239065076,333.63598872768,0.591617733405412,0.578067452408521,0.605485641894266
"100",2010,"Panama","PAN","4",5.15077614500119,4.81121377928679,5.51430389772583,1.12756789003139e-10,1.10049164027477e-10,1.15531031777069e-10,7.07477227700831,6.11356456125855,8.1871062732707,0.943858926922334,0.884277069845131,1.00745536021533
"101",2010,"Papua New Guinea","PNG","9",2.0603706264009,1.99433441127953,2.12859342652169,1.92970111757283e-10,1.85043998611928e-10,2.01235729399212e-10,1.7203345992604,1.57349846068794,1.88087323079967,0.519215020846838,0.498511745474741,0.540778106674804
"102",2010,"Paraguay","PRY","5",5.83289697897249,5.57463824169662,6.10312018326622,2.41477338766324e-11,2.32161816492064e-11,2.51166647551017e-11,3.1424038685082,2.74583724330073,3.59624449588464,0.449095499905344,0.422373476424887,0.477508127978055
"103",2010,"Peru","PER","5",3.7382499562396,3.57927745829117,3.90428316836805,8.53066764849617e-11,8.33350912901525e-11,8.73249064739411e-11,4.27825989279097,3.96241136475256,4.61928508308899,0.653587867104698,0.632808238862095,0.675049839418355
"104",2010,"Philippines","PHL","7",2.83133328609464,2.73616097784539,2.92981598738393,2.57618389851879e-11,2.54957684331223e-11,2.6030686215229e-11,9.38105268970832,9.1199389475208,9.64964240149953,0.519283214510881,0.51149849655354,0.527186411474678
"105",2010,"Poland","POL","2",11.0386963472901,10.8984862195368,11.1807102925212,4.23951248644256e-12,4.15398356556306e-12,4.32680241484444e-12,16.5714669205066,15.83510912502,17.342066526308,0.541413849189697,0.527685659430144,0.555499189443499
"106",2010,"Portugal","PRT","2",10.678938766405,10.2467587453339,11.1293469487176,1.95568479065468e-11,1.90328780816941e-11,2.00952424745297e-11,40.413012895054,37.1803884967952,43.9266956932572,1.19981384398216,1.13915939342531,1.2636978358952
"107",2010,"Qatar","QAT","3",57.2563804809059,54.0255328719476,60.6804399975939,2.64041844105156e-11,2.48082221718524e-11,2.81028180719673e-11,392.933761445548,349.751483389917,441.447565532179,4.95377722057908,4.61442146525177,5.31809002188517
"108",2010,"Romania","ROU","3",7.48545439570237,7.24625501820813,7.73254976113105,6.0913256349341e-12,5.87082137186622e-12,6.32011189586077e-12,9.77141202380475,8.29514161000821,11.5104114465939,0.450084003690636,0.419727938516442,0.48263551645909
"109",2010,"Russia","RUS","3",11.819910302197,11.4144766369127,12.2397446677652,3.54423893962615e-12,3.4173719719129e-12,3.67581573337796e-12,13.7976035422348,12.4355515708593,15.3088395334873,0.490883105984561,0.463834155151852,0.519509443331445
"110",2010,"Rwanda","RWA","10",1.48360478746882,1.44647382558523,1.52168890059926,1.04311091985529e-11,1.00633061953111e-11,1.08123550054387e-11,2.45495294896218,2.20091648384387,2.73831107443586,0.198104848313979,0.192081107091916,0.204317496497585
"111",2010,"Saudi Arabia","SAU","4",20.0785770329456,19.1653452936107,21.0353244093302,1.75174117052149e-11,1.68701781497767e-11,1.81894767278472e-11,325.599187499449,288.803425098031,367.083011097656,2.86171601743759,2.73805349461399,2.99096368298436
"112",2010,"Senegal","SEN","9",2.62798249633118,2.58531762434306,2.67135145639136,3.3951821706245e-12,3.25566872051944e-12,3.54067411683316e-12,10.9975796030077,10.0461860860734,12.0390719511112,0.271805784734179,0.262664073477812,0.281265662398262
"113",2010,"Serbia","SRB","3",1.89227350620073,1.72070276101237,2.08095151783363,6.12737444418364e-12,5.91404281683829e-12,6.34840137990523e-12,11.8849268642574,8.72050388059528,16.1976290020418,0.304379983037917,0.269974239717484,0.343170423115606
"114",2010,"Sierra Leone","SLE","10",2.17284396286555,2.1407670713558,2.20540148908923,2.07701769874899e-11,2.01734890288489e-11,2.13845136790536e-11,2.12216913992904,1.79018390470548,2.51572022663676,0.269617069924285,0.252453969995769,0.287947004342118
"115",2010,"Singapore","SGP","2",23.7301489791371,23.3553766002946,24.1109351482235,3.256017352991e-11,3.0954839009875e-11,3.42487615574303e-11,86.8105978380698,80.2034273020055,93.962068087515,2.39433243226571,2.30512093236379,2.48699654569563
"116",2010,"Slovakia","SVK","2",10.6005794417114,10.377539503814,10.8284130798765,6.510549685347e-12,6.35733823905668e-12,6.66745351772591e-12,15.5074434619658,13.2759942023224,18.1139581007047,0.602782030464281,0.566416396489453,0.64148244737016
"117",2010,"Slovenia","SVN","2",14.067069534885,13.6515549385008,14.495231216571,9.25486203594604e-12,9.02329622694463e-12,9.4923705428873e-12,22.9410226243064,21.0344550040294,25.0204019523263,0.848646047518246,0.816601537626661,0.88194802579175
"118",2010,"Somalia","SOM","11",3.69703965743943,3.50554182125317,3.89899847886959,3.97949894685469e-11,3.76369072134923e-11,4.2076815127733e-11,11.358513808443,10.2062646415553,12.6408476036666,0.69930367721657,0.666717103590886,0.733482957516408
"119",2010,"South Africa","ZAF","5",9.41200986801477,9.19381681867382,9.63538120268809,6.46418006966816e-11,6.29124342446086e-11,6.64187047835873e-11,25.282150946724,24.6441607400269,25.9366575001587,1.46555151005058,1.440572407431,1.49096374297619
"120",2010,"Spain","ESP","2",11.1300056750832,10.5897869515588,11.697782674386,2.44244485719461e-11,2.36348017749113e-11,2.52404777380825e-11,81.9776056061114,76.0460746669525,88.3717910535573,1.65832482290692,1.56958324569249,1.7520836985336
"121",2010,"Sri Lanka","LKA","7",3.10095344051768,2.99167853959141,3.21421974754405,2.85355480838713e-11,2.80565797952595e-11,2.90226930862226e-11,88.6350396204187,80.9049004783905,97.103762591137,1.17082892529259,1.14414590803294,1.19813422630563
"122",2010,"Sudan","SDN","9",4.79741664532277,4.67316284369187,4.92497420668473,4.76575905196848e-12,4.17000461283033e-12,5.44662691056443e-12,239.444573296074,204.370839744623,280.537594074485,1.03859440817327,0.973480198773039,1.10806398121743
"123",2010,"Sweden","SWE","1",16.881464204408,16.5877047914968,17.1804259399888,8.94416891763613e-12,8.61094661305892e-12,9.29028610000753e-12,21.686058145092,20.640567457973,22.7845052627489,0.875067151786527,0.853480758582305,0.897199512040249
"124",2010,"Switzerland","CHE","1",20.5425404818684,20.2207968833955,20.8694035097959,1.89566069813338e-11,1.84213549558917e-11,1.95074113226302e-11,48.4779899809759,45.4238080336656,51.7375273965104,1.56910110460779,1.51699353943278,1.62299852470167
"125",2010,"Syria","SYR","6",3.37484442180531,3.14138940818847,3.62564884242047,8.29997332146782e-12,8.06085140481878e-12,8.54618869365281e-12,214.524673064561,171.696531234753,268.035906273111,1.07135575809482,0.96609018152791,1.18809111442125
"126",2010,"Tajikistan","TJK","7",2.15871036155123,2.028664031362,2.29709323625165,5.44889193252885e-12,5.33413273914225e-12,5.56612006943651e-12,126.004720667066,119.226044620896,133.168802847315,0.671883954417625,0.649361583244024,0.695187488530905
"127",2010,"Tanzania","TZA","10",2.72630109068098,2.6807607604478,2.77261505267883,1.52669219983005e-11,1.46180311977671e-11,1.5944616901474e-11,5.10804971964179,4.38587051543649,5.94914324225913,0.35171531593126,0.327957691458384,0.377193969473722
"128",2010,"Thailand","THA","4",6.78549389059425,6.52439143920723,7.05704551425359,1.42553538589872e-11,1.41822634620289e-11,1.43288209381403e-11,45.0327348485452,42.5724766477206,47.6351710688637,0.9624106131035,0.943035232787601,0.982184075430902
"129",2010,"Togo","TGO","10",2.05565150827867,2.0200693205456,2.09186045276262,5.50224102156545e-12,5.31329361646230e-12,5.69790763408912e-12,1.79144270392733,1.60132765850988,2.004128851706,0.160655333795973,0.153219248355404,0.168452309707374
"130",2010,"Tunisia","TUN","4",4.13706164978725,4.08419795392393,4.19060958534019,8.62512020220457e-12,8.49680346318977e-12,8.75537475060647e-12,77.3654982869195,74.1562703534595,80.7136105504545,0.826670866920437,0.811602710264567,0.842018777872509
"131",2010,"Turkey","TUR","4",7.42752171229548,7.10952207487634,7.75974505819089,1.5939758782528e-11,1.56165776080587e-11,1.62696281107114e-11,58.3135021726714,56.0346266448201,60.6850574234439,1.1220944320006,1.09508824091782,1.14976662818649
"132",2010,"Turkmenistan","TKM","6",10.1033885385882,9.65780669786957,10.5695281708416,2.34056802185289e-11,2.2375156425762e-11,2.44836664409322e-11,564.487097358397,506.691835218342,628.874714246773,3.01170147184082,2.83634997469984,3.19789371424378
"133",2010,"Uganda","UGA","10",2.93736173567077,2.88900320698929,2.98652972946138,7.3708270548563e-12,7.08254948979755e-12,7.67083824135122e-12,1.96057252060824,1.79925162040543,2.13635745271581,0.205565389727387,0.19806413819087,0.213350734967732
"134",2010,"Ukraine","UKR","3",5.5659757149423,5.32657811483312,5.8161327950971,3.86821455942377e-12,3.7515197207595e-12,3.98853930979969e-12,7.42619998877692,6.62792764793141,8.32061682063205,0.319843337372547,0.304046386566321,0.336461030229327
"135",2010,"United Arab Emirates","ARE","3",26.3655368813356,24.3686624574639,28.5260438998019,1.56745708944236e-11,1.43058693839795e-11,1.71742217218516e-11,398.784663015182,318.075723651786,499.972791479774,3.23088412993904,2.84528567312169,3.66873961363579
"136",2010,"United Kingdom","GBR","1",14.8596487550719,14.1436366277298,15.6119085165971,8.61716857576207e-12,8.00635756624845e-12,9.27457881423291e-12,31.9542876269968,29.9677377563726,34.0725251285179,0.942537341362536,0.884326392341534,1.00458003691431
"137",2010,"United States","USA","1",26.1757933642806,25.3925992526042,26.9831438457111,1.39596564695282e-11,1.34465702550775e-11,1.44923207219815e-11,47.0487858461328,46.0993481984316,48.0177776064646,1.5209168650999,1.47768469271785,1.56541386802265
"138",2010,"Uruguay","URY","3",7.36578359182337,7.04203244797294,7.70441890496994,1.18602534840921e-11,1.11685469959366e-11,1.2594799731612e-11,5.5026261036429,5.07273644381439,5.96894681437942,0.461627972827567,0.446790695604557,0.476957974714627
"139",2010,"Uzbekistan","UZB","6",4.87086984427296,4.77535668893193,4.96829338315964,3.21834576443886e-12,3.0735186260987e-12,3.36999729610519e-12,155.293664299295,140.493524762167,171.652908647049,0.792736391025749,0.76816168332605,0.818097282508934
"140",2010,"Venezuela","VEN","4",8.00692816595503,7.57758043394421,8.4606028551773,4.44598151628255e-11,4.34103703797004e-11,4.55346302513224e-11,5.89352058973522,5.07386136626942,6.84559203224172,0.754398131620035,0.706223125340763,0.805859395665063
"141",2010,"Vietnam","VNM","5",4.00661063945478,3.82159612182261,4.2005822448177,7.91962248668244e-12,7.73842898483262e-12,8.10505859193108e-12,11.5781860976185,10.8455952502711,12.3602614902797,0.422057727278153,0.404191703771346,0.440713462184199
"142",2010,"Yemen","YEM","9",2.15114301559081,1.95487289056009,2.3671187502116,9.26818507065341e-12,8.69995065941583e-12,9.87353352526375e-12,110.073668011446,100.30043507336,120.799200727617,0.76579691837559,0.702552915966053,0.834734162888147
"143",2010,"Zambia","ZMB","10",3.01201018985606,2.92400957756298,3.10265925714169,1.11089328492014e-11,1.05236187906456e-11,1.17268015407174e-11,1.79011471241979,1.65403897328896,1.93738523418816,0.230569055651673,0.219415357660652,0.242289737559413
"144",2010,"Zimbabwe","ZWE","8",4.45300932306785,4.37314194922725,4.53433532722007,1.2582345445761e-11,1.23561796916604e-11,1.28126509056286e-11,8.1442304209421,7.40853857902375,8.95297884216984,0.453683405768001,0.437758896966998,0.470187206006162
