STRUCTURE,STRUCTURE_ID,STRUCTURE_NAME,ACTION,REF_AREA,Reference area,MEASURE,Measure,UNIT_MEASURE,Unit of measure,AGE,Age,SEX,Sex,EDUCATION_LEV,Education level,DOMAIN,Domain,TIME_PERIOD,Time period,OBS_VALUE,Observation value,OBS_STATUS,Observation status,UNIT_MULT,Unit multiplier,DECIMALS,Decimals,BASE_PER,Base period
DATAFLOW,OECD.WISE.WDP:DSD_HSL@DF_HSL_CWB(1.0),Current well-being,I,PRT,Portugal,3_1,Households living in overcrowded conditions,PT_HH,Percentage of households,_T,Total,_T,Total,_T,Total,HSL_3,Housing,2011,,6.3974991440773,,A,Normal value,0,Units,2,Two,,
DATAFLOW,OECD.WISE.WDP:DSD_HSL@DF_HSL_CWB(1.0),Current well-being,I,PRT,Portugal,3_1,Households living in overcrowded conditions,PT_HH,Percentage of households,_T,Total,_T,Total,_T,Total,HSL_3,Housing,2010,,8.9065745472908,,A,Normal value,0,Units,2,Two,,
DATAFLOW,OECD.WISE.WDP:DSD_HSL@DF_HSL_CWB(1.0),Current well-being,I,NLD,Netherlands,3_1,Households living in overcrowded conditions,PT_HH,Percentage of households,_T,Total,_T,Total,_T,Total,HSL_3,Housing,2014,,3.60974483191967,,A,Normal value,0,Units,2,Two,,
DATAFLOW,OECD.WISE.WDP:DSD_HSL@DF_HSL_CWB(1.0),Current well-being,I,NLD,Netherlands,3_1,Households living in overcrowded conditions,PT_HH,Percentage of households,_T,Total,_T,Total,_T,Total,HSL_3,Housing,2013,,3.09864562004805,,A,Normal value,0,Units,2,Two,,
DATAFLOW,OECD.WISE.WDP:DSD_HSL@DF_HSL_CWB(1.0),Current well-being,I,NLD,Netherlands,3_1,Households living in overcrowded conditions,PT_HH,Percentage of households,_T,Total,_T,Total,_T,Total,HSL_3,Housing,2012,,2.7602780610323,,A,Normal value,0,Units,2,Two,,
DATAFLOW,OECD.WISE.WDP:DSD_HSL@DF_HSL_CWB(1.0),Current well-being,I,CZE,Czechia,3_1,Households living in overcrowded conditions,PT_HH,Percentage of households,_T,Total,_T,Total,_T,Total,HSL_3,Housing,2017,,12.1958412230015,,A,Normal value,0,Units,2,Two,,
DATAFLOW,OECD.WISE.WDP:DSD_HSL@DF_HSL_CWB(1.0),Current well-being,I,CZE,Czechia,3_1,Households living in overcrowded conditions,PT_HH,Percentage of households,_T,Total,_T,Total,_T,Total,HSL_3,Housing,2016,,13.5622650384903,,A,Normal value,0,Units,2,Two,,
DATAFLOW,OECD.WISE.WDP:DSD_HSL@DF_HSL_CWB(1.0),Current well-being,I,CZE,Czechia,3_1,Households living in overcrowded conditions,PT_HH,Percentage of households,_T,Total,_T,Total,_T,Total,HSL_3,Housing,2015,,13.6962726712227,,A,Normal value,0,Units,2,Two,,
DATAFLOW,OECD.WISE.WDP:DSD_HSL@DF_HSL_CWB(1.0),Current well-being,I,NZL,New Zealand,3_1,Households living in overcrowded conditions,PT_HH,Percentage of households,_T,Total,_T,Total,_T,Total,HSL_3,Housing,2019,,0.7,,A,Normal value,0,Units,2,Two,,
DATAFLOW,OECD.WISE.WDP:DSD_HSL@DF_HSL_CWB(1.0),Current well-being,I,NZL,New Zealand,3_1,Households living in overcrowded conditions,PT_HH,Percentage of households,_T,Total,_T,Total,_T,Total,HSL_3,Housing,2013,,1.35033201270955,,B,Time series break,0,Units,2,Two,,
DATAFLOW,OECD.WISE.WDP:DSD_HSL@DF_HSL_CWB(1.0),Current well-being,I,NZL,New Zealand,3_1,Households living in overcrowded conditions,PT_HH,Percentage of households,_T,Total,_T,Total,_T,Total,HSL_3,Housing,2018,,0.821102864051628,,B,Time series break,0,Units,2,Two,,
DATAFLOW,OECD.WISE.WDP:DSD_HSL@DF_HSL_CWB(1.0),Current well-being,I,ISL,Iceland,3_1,Households living in overcrowded conditions,PT_HH,Percentage of households,_T,Total,_T,Total,_T,Total,HSL_3,Housing,2018,,9.19455140829086,,A,Normal value,0,Units,2,Two,,
DATAFLOW,OECD.WISE.WDP:DSD_HSL@DF_HSL_CWB(1.0),Current well-being,I,ISL,Iceland,3_1,Households living in overcrowded conditions,PT_HH,Percentage of households,_T,Total,_T,Total,_T,Total,HSL_3,Housing,2016,,5.64106181263924,,A,Normal value,0,Units,2,Two,,
DATAFLOW,OECD.WISE.WDP:DSD_HSL@DF_HSL_CWB(1.0),Current well-being,I,ISL,Iceland,3_1,Households living in overcrowded conditions,PT_HH,Percentage of households,_T,Total,_T,Total,_T,Total,HSL_3,Housing,2015,,6.3838504254818,,A,Normal value,0,Units,2,Two,,
DATAFLOW,OECD.WISE.WDP:DSD_HSL@DF_HSL_CWB(1.0),Current well-being,I,ISL,Iceland,3_1,Households living in overcrowded conditions,PT_HH,Percentage of households,_T,Total,_T,Total,_T,Total,HSL_3,Housing,2014,,6.01763725280762,,A,Normal value,0,Units,2,Two,,
DATAFLOW,OECD.WISE.WDP:DSD_HSL@DF_HSL_CWB(1.0),Current well-being,I,ISL,Iceland,3_1,Households living in overcrowded conditions,PT_HH,Percentage of households,_T,Total,_T,Total,_T,Total,HSL_3,Housing,2013,,8.12358632683754,,A,Normal value,0,Units,2,Two,,
DATAFLOW,OECD.WISE.WDP:DSD_HSL@DF_HSL_CWB(1.0),Current well-being,I,ISL,Iceland,3_1,Households living in overcrowded conditions,PT_HH,Percentage of households,_T,Total,_T,Total,_T,Total,HSL_3,Housing,2012,,7.07593634724617,,A,Normal value,0,Units,2,Two,,
DATAFLOW,OECD.WISE.WDP:DSD_HSL@DF_HSL_CWB(1.0),Current well-being,I,ISL,Iceland,3_1,Households living in overcrowded conditions,PT_HH,Percentage of households,_T,Total,_T,Total,_T,Total,HSL_3,Housing,2011,,7.61352777481079,,A,Normal value,0,Units,2,Two,,
DATAFLOW,OECD.WISE.WDP:DSD_HSL@DF_HSL_CWB(1.0),Current well-being,I,COL,Colombia,3_1,Households living in overcrowded conditions,PT_HH,Percentage of households,_T,Total,_T,Total,_T,Total,HSL_3,Housing,2017,,34.1289162635803,,A,Normal value,0,Units,2,Two,,
DATAFLOW,OECD.WISE.WDP:DSD_HSL@DF_HSL_CWB(1.0),Current well-being,I,NLD,Netherlands,3_1,Households living in overcrowded conditions,PT_HH,Percentage of households,_T,Total,_T,Total,_T,Total,HSL_3,Housing,2017,,4.32107076048851,,A,Normal value,0,Units,2,Two,,
DATAFLOW,OECD.WISE.WDP:DSD_HSL@DF_HSL_CWB(1.0),Current well-being,I,NLD,Netherlands,3_1,Households living in overcrowded conditions,PT_HH,Percentage of households,_T,Total,_T,Total,_T,Total,HSL_3,Housing,2016,,4.3135978281498,,A,Normal value,0,Units,2,Two,,
DATAFLOW,OECD.WISE.WDP:DSD_HSL@DF_HSL_CWB(1.0),Current well-being,I,NLD,Netherlands,3_1,Households living in overcrowded conditions,PT_HH,Percentage of households,_T,Total,_T,Total,_T,Total,HSL_3,Housing,2015,,3.48619185388088,,A,Normal value,0,Units,2,Two,,
DATAFLOW,OECD.WISE.WDP:DSD_HSL@DF_HSL_CWB(1.0),Current well-being,I,COL,Colombia,3_1,Households living in overcrowded conditions,PT_HH,Percentage of households,_T,Total,_T,Total,_T,Total,HSL_3,Housing,2010,,39.4229382276535,,A,Normal value,0,Units,2,Two,,
DATAFLOW,OECD.WISE.WDP:DSD_HSL@DF_HSL_CWB(1.0),Current well-being,I,COL,Colombia,3_1,Households living in overcrowded conditions,PT_HH,Percentage of households,_T,Total,_T,Total,_T,Total,HSL_3,Housing,2020,,34.6133768558502,,A,Normal value,0,Units,2,Two,,
DATAFLOW,OECD.WISE.WDP:DSD_HSL@DF_HSL_CWB(1.0),Current well-being,I,COL,Colombia,3_1,Households living in overcrowded conditions,PT_HH,Percentage of households,_T,Total,_T,Total,_T,Total,HSL_3,Housing,2019,,33.8742107152939,,A,Normal value,0,Units,2,Two,,
DATAFLOW,OECD.WISE.WDP:DSD_HSL@DF_HSL_CWB(1.0),Current well-being,I,SVK,Slovak Republic,3_1,Households living in overcrowded conditions,PT_HH,Percentage of households,_T,Total,_T,Total,_T,Total,HSL_3,Housing,2017,,26.4325648546219,,A,Normal value,0,Units,2,Two,,
DATAFLOW,OECD.WISE.WDP:DSD_HSL@DF_HSL_CWB(1.0),Current well-being,I,SVK,Slovak Republic,3_1,Households living in overcrowded conditions,PT_HH,Percentage of households,_T,Total,_T,Total,_T,Total,HSL_3,Housing,2016,,27.3581475019455,,A,Normal value,0,Units,2,Two,,
DATAFLOW,OECD.WISE.WDP:DSD_HSL@DF_HSL_CWB(1.0),Current well-being,I,SVK,Slovak Republic,3_1,Households living in overcrowded conditions,PT_HH,Percentage of households,_T,Total,_T,Total,_T,Total,HSL_3,Housing,2015,,27.662268280983,,A,Normal value,0,Units,2,Two,,
DATAFLOW,OECD.WISE.WDP:DSD_HSL@DF_HSL_CWB(1.0),Current well-being,I,SVK,Slovak Republic,3_1,Households living in overcrowded conditions,PT_HH,Percentage of households,_T,Total,_T,Total,_T,Total,HSL_3,Housing,2014,,28.0640631914139,,A,Normal value,0,Units,2,Two,,
DATAFLOW,OECD.WISE.WDP:DSD_HSL@DF_HSL_CWB(1.0),Current well-being,I,SVK,Slovak Republic,3_1,Households living in overcrowded conditions,PT_HH,Percentage of households,_T,Total,_T,Total,_T,Total,HSL_3,Housing,2013,,29.4558495283127,,A,Normal value,0,Units,2,Two,,
DATAFLOW,OECD.WISE.WDP:DSD_HSL@DF_HSL_CWB(1.0),Current well-being,I,SVK,Slovak Republic,3_1,Households living in overcrowded conditions,PT_HH,Percentage of households,_T,Total,_T,Total,_T,Total,HSL_3,Housing,2012,,28.5584181547165,,A,Normal value,0,Units,2,Two,,
DATAFLOW,OECD.WISE.WDP:DSD_HSL@DF_HSL_CWB(1.0),Current well-being,I,SVK,Slovak Republic,3_1,Households living in overcrowded conditions,PT_HH,Percentage of households,_T,Total,_T,Total,_T,Total,HSL_3,Housing,2011,,29.0748119354248,,A,Normal value,0,Units,2,Two,,
DATAFLOW,OECD.WISE.WDP:DSD_HSL@DF_HSL_CWB(1.0),Current well-being,I,SVK,Slovak Republic,3_1,Households living in overcrowded conditions,PT_HH,Percentage of households,_T,Total,_T,Total,_T,Total,HSL_3,Housing,2010,,29.7231286764145,,A,Normal value,0,Units,2,Two,,
DATAFLOW,OECD.WISE.WDP:DSD_HSL@DF_HSL_CWB(1.0),Current well-being,I,SVK,Slovak Republic,3_1,Households living in overcrowded conditions,PT_HH,Percentage of households,_T,Total,_T,Total,_T,Total,HSL_3,Housing,2020,,22.2856894135475,,A,Normal value,0,Units,2,Two,,
DATAFLOW,OECD.WISE.WDP:DSD_HSL@DF_HSL_CWB(1.0),Current well-being,I,SVK,Slovak Republic,3_1,Households living in overcrowded conditions,PT_HH,Percentage of households,_T,Total,_T,Total,_T,Total,HSL_3,Housing,2019,,25.6991326808929,,A,Normal value,0,Units,2,Two,,
DATAFLOW,OECD.WISE.WDP:DSD_HSL@DF_HSL_CWB(1.0),Current well-being,I,JPN,Japan,3_1,Households living in overcrowded conditions,PT_HH,Percentage of households,_T,Total,_T,Total,_T,Total,HSL_3,Housing,2010,,1.73792149871588,,A,Normal value,0,Units,2,Two,,
DATAFLOW,OECD.WISE.WDP:DSD_HSL@DF_HSL_CWB(1.0),Current well-being,I,JPN,Japan,3_1,Households living in overcrowded conditions,PT_HH,Percentage of households,_T,Total,_T,Total,_T,Total,HSL_3,Housing,2020,,1.64880454540253,,A,Normal value,0,Units,2,Two,,
DATAFLOW,OECD.WISE.WDP:DSD_HSL@DF_HSL_CWB(1.0),Current well-being,I,JPN,Japan,3_1,Households living in overcrowded conditions,PT_HH,Percentage of households,_T,Total,_T,Total,_T,Total,HSL_3,Housing,2019,,1.50489090010524,,A,Normal value,0,Units,2,Two,,
DATAFLOW,OECD.WISE.WDP:DSD_HSL@DF_HSL_CWB(1.0),Current well-being,I,JPN,Japan,3_1,Households living in overcrowded conditions,PT_HH,Percentage of households,_T,Total,_T,Total,_T,Total,HSL_3,Housing,2018,,1.64383556693792,,A,Normal value,0,Units,2,Two,,
DATAFLOW,OECD.WISE.WDP:DSD_HSL@DF_HSL_CWB(1.0),Current well-being,I,JPN,Japan,3_1,Households living in overcrowded conditions,PT_HH,Percentage of households,_T,Total,_T,Total,_T,Total,HSL_3,Housing,2016,,1.8954623490572,,A,Normal value,0,Units,2,Two,,
DATAFLOW,OECD.WISE.WDP:DSD_HSL@DF_HSL_CWB(1.0),Current well-being,I,JPN,Japan,3_1,Households living in overcrowded conditions,PT_HH,Percentage of households,_T,Total,_T,Total,_T,Total,HSL_3,Housing,2014,,1.596009918,,A,Normal value,0,Units,2,Two,,
DATAFLOW,OECD.WISE.WDP:DSD_HSL@DF_HSL_CWB(1.0),Current well-being,I,USA,United States,3_1,Households living in overcrowded conditions,PT_HH,Percentage of households,_T,Total,_T,Total,_T,Total,HSL_3,Housing,2017,,4.18606959283352,,A,Normal value,0,Units,2,Two,,
DATAFLOW,OECD.WISE.WDP:DSD_HSL@DF_HSL_CWB(1.0),Current well-being,I,USA,United States,3_1,Households living in overcrowded conditions,PT_HH,Percentage of households,_T,Total,_T,Total,_T,Total,HSL_3,Housing,2016,,4.24419529736042,,A,Normal value,0,Units,2,Two,,
DATAFLOW,OECD.WISE.WDP:DSD_HSL@DF_HSL_CWB(1.0),Current well-being,I,USA,United States,3_1,Households living in overcrowded conditions,PT_HH,Percentage of households,_T,Total,_T,Total,_T,Total,HSL_3,Housing,2015,,4.20236624777317,,A,Normal value,0,Units,2,Two,,
DATAFLOW,OECD.WISE.WDP:DSD_HSL@DF_HSL_CWB(1.0),Current well-being,I,USA,United States,3_1,Households living in overcrowded conditions,PT_HH,Percentage of households,_T,Total,_T,Total,_T,Total,HSL_3,Housing,2014,,3.78335639834404,,A,Normal value,0,Units,2,Two,,
DATAFLOW,OECD.WISE.WDP:DSD_HSL@DF_HSL_CWB(1.0),Current well-being,I,USA,United States,3_1,Households living in overcrowded conditions,PT_HH,Percentage of households,_T,Total,_T,Total,_T,Total,HSL_3,Housing,2013,,3.77136841416359,,A,Normal value,0,Units,2,Two,,
DATAFLOW,OECD.WISE.WDP:DSD_HSL@DF_HSL_CWB(1.0),Current well-being,I,USA,United States,3_1,Households living in overcrowded conditions,PT_HH,Percentage of households,_T,Total,_T,Total,_T,Total,HSL_3,Housing,2012,,3.6859106272459,,A,Normal value,0,Units,2,Two,,
DATAFLOW,OECD.WISE.WDP:DSD_HSL@DF_HSL_CWB(1.0),Current well-being,I,USA,United States,3_1,Households living in overcrowded conditions,PT_HH,Percentage of households,_T,Total,_T,Total,_T,Total,HSL_3,Housing,2011,,3.75785678625107,,A,Normal value,0,Units,2,Two,,
DATAFLOW,OECD.WISE.WDP:DSD_HSL@DF_HSL_CWB(1.0),Current well-being,I,NLD,Netherlands,3_1,Households living in overcrowded conditions,PT_HH,Percentage of households,_T,Total,_T,Total,_T,Total,HSL_3,Housing,2011,,1.77888218313456,,A,Normal value,0,Units,2,Two,,
DATAFLOW,OECD.WISE.WDP:DSD_HSL@DF_HSL_CWB(1.0),Current well-being,I,NLD,Netherlands,3_1,Households living in overcrowded conditions,PT_HH,Percentage of households,_T,Total,_T,Total,_T,Total,HSL_3,Housing,2010,,2.11842432618141,,A,Normal value,0,Units,2,Two,,
DATAFLOW,OECD.WISE.WDP:DSD_HSL@DF_HSL_CWB(1.0),Current well-being,I,NLD,Netherlands,3_1,Households living in overcrowded conditions,PT_HH,Percentage of households,_T,Total,_T,Total,_T,Total,HSL_3,Housing,2020,,4.62898202240467,,A,Normal value,0,Units,2,Two,,
DATAFLOW,OECD.WISE.WDP:DSD_HSL@DF_HSL_CWB(1.0),Current well-being,I,NLD,Netherlands,3_1,Households living in overcrowded conditions,PT_HH,Percentage of households,_T,Total,_T,Total,_T,Total,HSL_3,Housing,2019,,4.33706231415272,,A,Normal value,0,Units,2,Two,,
DATAFLOW,OECD.WISE.WDP:DSD_HSL@DF_HSL_CWB(1.0),Current well-being,I,SVN,Slovenia,3_1,Households living in overcrowded conditions,PT_HH,Percentage of households,_T,Total,_T,Total,_T,Total,HSL_3,Housing,2013,,12.1470995247364,,A,Normal value,0,Units,2,Two,,
DATAFLOW,OECD.WISE.WDP:DSD_HSL@DF_HSL_CWB(1.0),Current well-being,I,SVN,Slovenia,3_1,Households living in overcrowded conditions,PT_HH,Percentage of households,_T,Total,_T,Total,_T,Total,HSL_3,Housing,2012,,13.4153366088867,,A,Normal value,0,Units,2,Two,,
DATAFLOW,OECD.WISE.WDP:DSD_HSL@DF_HSL_CWB(1.0),Current well-being,I,SVN,Slovenia,3_1,Households living in overcrowded conditions,PT_HH,Percentage of households,_T,Total,_T,Total,_T,Total,HSL_3,Housing,2011,,13.4613201022148,,A,Normal value,0,Units,2,Two,,
DATAFLOW,OECD.WISE.WDP:DSD_HSL@DF_HSL_CWB(1.0),Current well-being,I,SVN,Slovenia,3_1,Households living in overcrowded conditions,PT_HH,Percentage of households,_T,Total,_T,Total,_T,Total,HSL_3,Housing,2010,,29.3475091457367,,A,Normal value,0,Units,2,Two,,
DATAFLOW,OECD.WISE.WDP:DSD_HSL@DF_HSL_CWB(1.0),Current well-being,I,BEL,Belgium,3_1,Households living in overcrowded conditions,PT_HH,Percentage of households,_T,Total,_T,Total,_T,Total,HSL_3,Housing,2017,,3.5044826567173,,A,Normal value,0,Units,2,Two,,
DATAFLOW,OECD.WISE.WDP:DSD_HSL@DF_HSL_CWB(1.0),Current well-being,I,BEL,Belgium,3_1,Households living in overcrowded conditions,PT_HH,Percentage of households,_T,Total,_T,Total,_T,Total,HSL_3,Housing,2016,,2.63992063701153,,A,Normal value,0,Units,2,Two,,
DATAFLOW,OECD.WISE.WDP:DSD_HSL@DF_HSL_CWB(1.0),Current well-being,I,BEL,Belgium,3_1,Households living in overcrowded conditions,PT_HH,Percentage of households,_T,Total,_T,Total,_T,Total,HSL_3,Housing,2015,,1.17988418787718,,A,Normal value,0,Units,2,Two,,
DATAFLOW,OECD.WISE.WDP:DSD_HSL@DF_HSL_CWB(1.0),Current well-being,I,BEL,Belgium,3_1,Households living in overcrowded conditions,PT_HH,Percentage of households,_T,Total,_T,Total,_T,Total,HSL_3,Housing,2014,,1.83799378573895,,A,Normal value,0,Units,2,Two,,
DATAFLOW,OECD.WISE.WDP:DSD_HSL@DF_HSL_CWB(1.0),Current well-being,I,BEL,Belgium,3_1,Households living in overcrowded conditions,PT_HH,Percentage of households,_T,Total,_T,Total,_T,Total,HSL_3,Housing,2013,,1.6174390912056,,A,Normal value,0,Units,2,Two,,
DATAFLOW,OECD.WISE.WDP:DSD_HSL@DF_HSL_CWB(1.0),Current well-being,I,BEL,Belgium,3_1,Households living in overcrowded conditions,PT_HH,Percentage of households,_T,Total,_T,Total,_T,Total,HSL_3,Housing,2012,,1.53218377381563,,A,Normal value,0,Units,2,Two,,
DATAFLOW,OECD.WISE.WDP:DSD_HSL@DF_HSL_CWB(1.0),Current well-being,I,BEL,Belgium,3_1,Households living in overcrowded conditions,PT_HH,Percentage of households,_T,Total,_T,Total,_T,Total,HSL_3,Housing,2011,,1.94322224706411,,A,Normal value,0,Units,2,Two,,
DATAFLOW,OECD.WISE.WDP:DSD_HSL@DF_HSL_CWB(1.0),Current well-being,I,BEL,Belgium,3_1,Households living in overcrowded conditions,PT_HH,Percentage of households,_T,Total,_T,Total,_T,Total,HSL_3,Housing,2010,,3.69981303811073,,A,Normal value,0,Units,2,Two,,
DATAFLOW,OECD.WISE.WDP:DSD_HSL@DF_HSL_CWB(1.0),Current well-being,I,BEL,Belgium,3_1,Households living in overcrowded conditions,PT_HH,Percentage of households,_T,Total,_T,Total,_T,Total,HSL_3,Housing,2020,,4.39725555479527,,A,Normal value,0,Units,2,Two,,
DATAFLOW,OECD.WISE.WDP:DSD_HSL@DF_HSL_CWB(1.0),Current well-being,I,BEL,Belgium,3_1,Households living in overcrowded conditions,PT_HH,Percentage of households,_T,Total,_T,Total,_T,Total,HSL_3,Housing,2019,,4.44009639322758,,A,Normal value,0,Units,2,Two,,
DATAFLOW,OECD.WISE.WDP:DSD_HSL@DF_HSL_CWB(1.0),Current well-being,I,FRA,France,3_1,Households living in overcrowded conditions,PT_HH,Percentage of households,_T,Total,_T,Total,_T,Total,HSL_3,Housing,2019,,6.51558488607407,,A,Normal value,0,Units,2,Two,,
DATAFLOW,OECD.WISE.WDP:DSD_HSL@DF_HSL_CWB(1.0),Current well-being,I,FRA,France,3_1,Households living in overcrowded conditions,PT_HH,Percentage of households,_T,Total,_T,Total,_T,Total,HSL_3,Housing,2018,,6.38396292924881,,A,Normal value,0,Units,2,Two,,
DATAFLOW,OECD.WISE.WDP:DSD_HSL@DF_HSL_CWB(1.0),Current well-being,I,FRA,France,3_1,Households living in overcrowded conditions,PT_HH,Percentage of households,_T,Total,_T,Total,_T,Total,HSL_3,Housing,2017,,6.37402087450027,,A,Normal value,0,Units,2,Two,,
DATAFLOW,OECD.WISE.WDP:DSD_HSL@DF_HSL_CWB(1.0),Current well-being,I,FRA,France,3_1,Households living in overcrowded conditions,PT_HH,Percentage of households,_T,Total,_T,Total,_T,Total,HSL_3,Housing,2016,,6.30842000246048,,A,Normal value,0,Units,2,Two,,
DATAFLOW,OECD.WISE.WDP:DSD_HSL@DF_HSL_CWB(1.0),Current well-being,I,FRA,France,3_1,Households living in overcrowded conditions,PT_HH,Percentage of households,_T,Total,_T,Total,_T,Total,HSL_3,Housing,2015,,6.27816766500473,,A,Normal value,0,Units,2,Two,,
DATAFLOW,OECD.WISE.WDP:DSD_HSL@DF_HSL_CWB(1.0),Current well-being,I,FRA,France,3_1,Households living in overcrowded conditions,PT_HH,Percentage of households,_T,Total,_T,Total,_T,Total,HSL_3,Housing,2014,,6.3175193965435,,A,Normal value,0,Units,2,Two,,
DATAFLOW,OECD.WISE.WDP:DSD_HSL@DF_HSL_CWB(1.0),Current well-being,I,FRA,France,3_1,Households living in overcrowded conditions,PT_HH,Percentage of households,_T,Total,_T,Total,_T,Total,HSL_3,Housing,2013,,6.38904497027397,,A,Normal value,0,Units,2,Two,,
DATAFLOW,OECD.WISE.WDP:DSD_HSL@DF_HSL_CWB(1.0),Current well-being,I,FRA,France,3_1,Households living in overcrowded conditions,PT_HH,Percentage of households,_T,Total,_T,Total,_T,Total,HSL_3,Housing,2012,,7.159074395895,,A,Normal value,0,Units,2,Two,,
DATAFLOW,OECD.WISE.WDP:DSD_HSL@DF_HSL_CWB(1.0),Current well-being,I,FRA,France,3_1,Households living in overcrowded conditions,PT_HH,Percentage of households,_T,Total,_T,Total,_T,Total,HSL_3,Housing,2011,,7.2332076728344,,A,Normal value,0,Units,2,Two,,
DATAFLOW,OECD.WISE.WDP:DSD_HSL@DF_HSL_CWB(1.0),Current well-being,I,FRA,France,3_1,Households living in overcrowded conditions,PT_HH,Percentage of households,_T,Total,_T,Total,_T,Total,HSL_3,Housing,2010,,8.01367536187172,,A,Normal value,0,Units,2,Two,,
DATAFLOW,OECD.WISE.WDP:DSD_HSL@DF_HSL_CWB(1.0),Current well-being,I,CHL,Chile,3_1,Households living in overcrowded conditions,PT_HH,Percentage of households,_T,Total,_T,Total,_T,Total,HSL_3,Housing,2013,,9.25341174006462,,A,Normal value,0,Units,2,Two,,
DATAFLOW,OECD.WISE.WDP:DSD_HSL@DF_HSL_CWB(1.0),Current well-being,I,CRI,Costa Rica,3_1,Households living in overcrowded conditions,PT_HH,Percentage of households,_T,Total,_T,Total,_T,Total,HSL_3,Housing,2017,,9.19895321130753,,A,Normal value,0,Units,2,Two,,
DATAFLOW,OECD.WISE.WDP:DSD_HSL@DF_HSL_CWB(1.0),Current well-being,I,CRI,Costa Rica,3_1,Households living in overcrowded conditions,PT_HH,Percentage of households,_T,Total,_T,Total,_T,Total,HSL_3,Housing,2016,,10.1728387176991,,A,Normal value,0,Units,2,Two,,
DATAFLOW,OECD.WISE.WDP:DSD_HSL@DF_HSL_CWB(1.0),Current well-being,I,CRI,Costa Rica,3_1,Households living in overcrowded conditions,PT_HH,Percentage of households,_T,Total,_T,Total,_T,Total,HSL_3,Housing,2015,,9.72242653369904,,A,Normal value,0,Units,2,Two,,
DATAFLOW,OECD.WISE.WDP:DSD_HSL@DF_HSL_CWB(1.0),Current well-being,I,CRI,Costa Rica,3_1,Households living in overcrowded conditions,PT_HH,Percentage of households,_T,Total,_T,Total,_T,Total,HSL_3,Housing,2014,,9.95911732316017,,A,Normal value,0,Units,2,Two,,
DATAFLOW,OECD.WISE.WDP:DSD_HSL@DF_HSL_CWB(1.0),Current well-being,I,CRI,Costa Rica,3_1,Households living in overcrowded conditions,PT_HH,Percentage of households,_T,Total,_T,Total,_T,Total,HSL_3,Housing,2013,,10.2555304765701,,A,Normal value,0,Units,2,Two,,
DATAFLOW,OECD.WISE.WDP:DSD_HSL@DF_HSL_CWB(1.0),Current well-being,I,CRI,Costa Rica,3_1,Households living in overcrowded conditions,PT_HH,Percentage of households,_T,Total,_T,Total,_T,Total,HSL_3,Housing,2012,,10.4136042296886,,A,Normal value,0,Units,2,Two,,
DATAFLOW,OECD.WISE.WDP:DSD_HSL@DF_HSL_CWB(1.0),Current well-being,I,CRI,Costa Rica,3_1,Households living in overcrowded conditions,PT_HH,Percentage of households,_T,Total,_T,Total,_T,Total,HSL_3,Housing,2011,,11.2737029790878,,A,Normal value,0,Units,2,Two,,
DATAFLOW,OECD.WISE.WDP:DSD_HSL@DF_HSL_CWB(1.0),Current well-being,I,CRI,Costa Rica,3_1,Households living in overcrowded conditions,PT_HH,Percentage of households,_T,Total,_T,Total,_T,Total,HSL_3,Housing,2010,,22.1577078104019,,A,Normal value,0,Units,2,Two,,
DATAFLOW,OECD.WISE.WDP:DSD_HSL@DF_HSL_CWB(1.0),Current well-being,I,CRI,Costa Rica,3_1,Households living in overcrowded conditions,PT_HH,Percentage of households,_T,Total,_T,Total,_T,Total,HSL_3,Housing,2020,,8.47208648920059,,A,Normal value,0,Units,2,Two,,
DATAFLOW,OECD.WISE.WDP:DSD_HSL@DF_HSL_CWB(1.0),Current well-being,I,CRI,Costa Rica,3_1,Households living in overcrowded conditions,PT_HH,Percentage of households,_T,Total,_T,Total,_T,Total,HSL_3,Housing,2019,,9.16837081313133,,A,Normal value,0,Units,2,Two,,
DATAFLOW,OECD.WISE.WDP:DSD_HSL@DF_HSL_CWB(1.0),Current well-being,I,SWE,Sweden,3_1,Households living in overcrowded conditions,PT_HH,Percentage of households,_T,Total,_T,Total,_T,Total,HSL_3,Housing,2017,,13.3286729454994,,A,Normal value,0,Units,2,Two,,
DATAFLOW,OECD.WISE.WDP:DSD_HSL@DF_HSL_CWB(1.0),Current well-being,I,SWE,Sweden,3_1,Households living in overcrowded conditions,PT_HH,Percentage of households,_T,Total,_T,Total,_T,Total,HSL_3,Housing,2016,,15.0855347514153,,A,Normal value,0,Units,2,Two,,
DATAFLOW,OECD.WISE.WDP:DSD_HSL@DF_HSL_CWB(1.0),Current well-being,I,SWE,Sweden,3_1,Households living in overcrowded conditions,PT_HH,Percentage of households,_T,Total,_T,Total,_T,Total,HSL_3,Housing,2015,,14.6031498908997,,A,Normal value,0,Units,2,Two,,
DATAFLOW,OECD.WISE.WDP:DSD_HSL@DF_HSL_CWB(1.0),Current well-being,I,SWE,Sweden,3_1,Households living in overcrowded conditions,PT_HH,Percentage of households,_T,Total,_T,Total,_T,Total,HSL_3,Housing,2014,,12.5904351472855,,A,Normal value,0,Units,2,Two,,
DATAFLOW,OECD.WISE.WDP:DSD_HSL@DF_HSL_CWB(1.0),Current well-being,I,SWE,Sweden,3_1,Households living in overcrowded conditions,PT_HH,Percentage of households,_T,Total,_T,Total,_T,Total,HSL_3,Housing,2013,,13.3909404277802,,A,Normal value,0,Units,2,Two,,
DATAFLOW,OECD.WISE.WDP:DSD_HSL@DF_HSL_CWB(1.0),Current well-being,I,SWE,Sweden,3_1,Households living in overcrowded conditions,PT_HH,Percentage of households,_T,Total,_T,Total,_T,Total,HSL_3,Housing,2012,,11.8940234184265,,A,Normal value,0,Units,2,Two,,
DATAFLOW,OECD.WISE.WDP:DSD_HSL@DF_HSL_CWB(1.0),Current well-being,I,SWE,Sweden,3_1,Households living in overcrowded conditions,PT_HH,Percentage of households,_T,Total,_T,Total,_T,Total,HSL_3,Housing,2011,,12.0999552309513,,A,Normal value,0,Units,2,Two,,
DATAFLOW,OECD.WISE.WDP:DSD_HSL@DF_HSL_CWB(1.0),Current well-being,I,SWE,Sweden,3_1,Households living in overcrowded conditions,PT_HH,Percentage of households,_T,Total,_T,Total,_T,Total,HSL_3,Housing,2010,,12.0303884148598,,A,Normal value,0,Units,2,Two,,
DATAFLOW,OECD.WISE.WDP:DSD_HSL@DF_HSL_CWB(1.0),Current well-being,I,SWE,Sweden,3_1,Households living in overcrowded conditions,PT_HH,Percentage of households,_T,Total,_T,Total,_T,Total,HSL_3,Housing,2020,,14.3751412630081,,A,Normal value,0,Units,2,Two,,
DATAFLOW,OECD.WISE.WDP:DSD_HSL@DF_HSL_CWB(1.0),Current well-being,I,SWE,Sweden,3_1,Households living in overcrowded conditions,PT_HH,Percentage of households,_T,Total,_T,Total,_T,Total,HSL_3,Housing,2019,,14.3614172935486,,A,Normal value,0,Units,2,Two,,
DATAFLOW,OECD.WISE.WDP:DSD_HSL@DF_HSL_CWB(1.0),Current well-being,I,FIN,Finland,3_1,Households living in overcrowded conditions,PT_HH,Percentage of households,_T,Total,_T,Total,_T,Total,HSL_3,Housing,2017,,8.06449949741364,,A,Normal value,0,Units,2,Two,,
DATAFLOW,OECD.WISE.WDP:DSD_HSL@DF_HSL_CWB(1.0),Current well-being,I,FIN,Finland,3_1,Households living in overcrowded conditions,PT_HH,Percentage of households,_T,Total,_T,Total,_T,Total,HSL_3,Housing,2016,,8.95079076290131,,A,Normal value,0,Units,2,Two,,
DATAFLOW,OECD.WISE.WDP:DSD_HSL@DF_HSL_CWB(1.0),Current well-being,I,FIN,Finland,3_1,Households living in overcrowded conditions,PT_HH,Percentage of households,_T,Total,_T,Total,_T,Total,HSL_3,Housing,2015,,8.76196026802063,,A,Normal value,0,Units,2,Two,,
DATAFLOW,OECD.WISE.WDP:DSD_HSL@DF_HSL_CWB(1.0),Current well-being,I,FIN,Finland,3_1,Households living in overcrowded conditions,PT_HH,Percentage of households,_T,Total,_T,Total,_T,Total,HSL_3,Housing,2014,,9.26182195544243,,A,Normal value,0,Units,2,Two,,
DATAFLOW,OECD.WISE.WDP:DSD_HSL@DF_HSL_CWB(1.0),Current well-being,I,FIN,Finland,3_1,Households living in overcrowded conditions,PT_HH,Percentage of households,_T,Total,_T,Total,_T,Total,HSL_3,Housing,2013,,8.99844989180565,,A,Normal value,0,Units,2,Two,,
DATAFLOW,OECD.WISE.WDP:DSD_HSL@DF_HSL_CWB(1.0),Current well-being,I,FIN,Finland,3_1,Households living in overcrowded conditions,PT_HH,Percentage of households,_T,Total,_T,Total,_T,Total,HSL_3,Housing,2012,,8.2504115998745,,A,Normal value,0,Units,2,Two,,
DATAFLOW,OECD.WISE.WDP:DSD_HSL@DF_HSL_CWB(1.0),Current well-being,I,FIN,Finland,3_1,Households living in overcrowded conditions,PT_HH,Percentage of households,_T,Total,_T,Total,_T,Total,HSL_3,Housing,2011,,8.823561668396,,A,Normal value,0,Units,2,Two,,
DATAFLOW,OECD.WISE.WDP:DSD_HSL@DF_HSL_CWB(1.0),Current well-being,I,FIN,Finland,3_1,Households living in overcrowded conditions,PT_HH,Percentage of households,_T,Total,_T,Total,_T,Total,HSL_3,Housing,2010,,8.54810550808907,,A,Normal value,0,Units,2,Two,,
DATAFLOW,OECD.WISE.WDP:DSD_HSL@DF_HSL_CWB(1.0),Current well-being,I,FIN,Finland,3_1,Households living in overcrowded conditions,PT_HH,Percentage of households,_T,Total,_T,Total,_T,Total,HSL_3,Housing,2020,,9.28948298096657,,A,Normal value,0,Units,2,Two,,
DATAFLOW,OECD.WISE.WDP:DSD_HSL@DF_HSL_CWB(1.0),Current well-being,I,FIN,Finland,3_1,Households living in overcrowded conditions,PT_HH,Percentage of households,_T,Total,_T,Total,_T,Total,HSL_3,Housing,2019,,8.93048569560051,,A,Normal value,0,Units,2,Two,,
DATAFLOW,OECD.WISE.WDP:DSD_HSL@DF_HSL_CWB(1.0),Current well-being,I,POL,Poland,3_1,Households living in overcrowded conditions,PT_HH,Percentage of households,_T,Total,_T,Total,_T,Total,HSL_3,Housing,2017,,31.6832721233368,,A,Normal value,0,Units,2,Two,,
DATAFLOW,OECD.WISE.WDP:DSD_HSL@DF_HSL_CWB(1.0),Current well-being,I,POL,Poland,3_1,Households living in overcrowded conditions,PT_HH,Percentage of households,_T,Total,_T,Total,_T,Total,HSL_3,Housing,2016,,31.8205595016479,,A,Normal value,0,Units,2,Two,,
DATAFLOW,OECD.WISE.WDP:DSD_HSL@DF_HSL_CWB(1.0),Current well-being,I,COL,Colombia,3_1,Households living in overcrowded conditions,PT_HH,Percentage of households,_T,Total,_T,Total,_T,Total,HSL_3,Housing,2016,,35.0172787904739,,A,Normal value,0,Units,2,Two,,
DATAFLOW,OECD.WISE.WDP:DSD_HSL@DF_HSL_CWB(1.0),Current well-being,I,COL,Colombia,3_1,Households living in overcrowded conditions,PT_HH,Percentage of households,_T,Total,_T,Total,_T,Total,HSL_3,Housing,2015,,36.3473892211914,,A,Normal value,0,Units,2,Two,,
DATAFLOW,OECD.WISE.WDP:DSD_HSL@DF_HSL_CWB(1.0),Current well-being,I,COL,Colombia,3_1,Households living in overcrowded conditions,PT_HH,Percentage of households,_T,Total,_T,Total,_T,Total,HSL_3,Housing,2014,,37.3238563537598,,A,Normal value,0,Units,2,Two,,
DATAFLOW,OECD.WISE.WDP:DSD_HSL@DF_HSL_CWB(1.0),Current well-being,I,COL,Colombia,3_1,Households living in overcrowded conditions,PT_HH,Percentage of households,_T,Total,_T,Total,_T,Total,HSL_3,Housing,2013,,37.0496332645416,,A,Normal value,0,Units,2,Two,,
DATAFLOW,OECD.WISE.WDP:DSD_HSL@DF_HSL_CWB(1.0),Current well-being,I,COL,Colombia,3_1,Households living in overcrowded conditions,PT_HH,Percentage of households,_T,Total,_T,Total,_T,Total,HSL_3,Housing,2012,,39.4582957029343,,A,Normal value,0,Units,2,Two,,
DATAFLOW,OECD.WISE.WDP:DSD_HSL@DF_HSL_CWB(1.0),Current well-being,I,COL,Colombia,3_1,Households living in overcrowded conditions,PT_HH,Percentage of households,_T,Total,_T,Total,_T,Total,HSL_3,Housing,2011,,38.0851566791534,,A,Normal value,0,Units,2,Two,,
DATAFLOW,OECD.WISE.WDP:DSD_HSL@DF_HSL_CWB(1.0),Current well-being,I,PRT,Portugal,3_1,Households living in overcrowded conditions,PT_HH,Percentage of households,_T,Total,_T,Total,_T,Total,HSL_3,Housing,2020,,4.85176183283329,,A,Normal value,0,Units,2,Two,,
DATAFLOW,OECD.WISE.WDP:DSD_HSL@DF_HSL_CWB(1.0),Current well-being,I,PRT,Portugal,3_1,Households living in overcrowded conditions,PT_HH,Percentage of households,_T,Total,_T,Total,_T,Total,HSL_3,Housing,2019,,5.01010678708553,,A,Normal value,0,Units,2,Two,,
DATAFLOW,OECD.WISE.WDP:DSD_HSL@DF_HSL_CWB(1.0),Current well-being,I,LUX,Luxembourg,3_1,Households living in overcrowded conditions,PT_HH,Percentage of households,_T,Total,_T,Total,_T,Total,HSL_3,Housing,2017,,7.71608278155327,,A,Normal value,0,Units,2,Two,,
DATAFLOW,OECD.WISE.WDP:DSD_HSL@DF_HSL_CWB(1.0),Current well-being,I,LUX,Luxembourg,3_1,Households living in overcrowded conditions,PT_HH,Percentage of households,_T,Total,_T,Total,_T,Total,HSL_3,Housing,2016,,7.01109021902084,,A,Normal value,0,Units,2,Two,,
DATAFLOW,OECD.WISE.WDP:DSD_HSL@DF_HSL_CWB(1.0),Current well-being,I,LUX,Luxembourg,3_1,Households living in overcrowded conditions,PT_HH,Percentage of households,_T,Total,_T,Total,_T,Total,HSL_3,Housing,2015,,7.05424919724464,,A,Normal value,0,Units,2,Two,,
DATAFLOW,OECD.WISE.WDP:DSD_HSL@DF_HSL_CWB(1.0),Current well-being,I,LUX,Luxembourg,3_1,Households living in overcrowded conditions,PT_HH,Percentage of households,_T,Total,_T,Total,_T,Total,HSL_3,Housing,2014,,6.25401511788368,,A,Normal value,0,Units,2,Two,,
DATAFLOW,OECD.WISE.WDP:DSD_HSL@DF_HSL_CWB(1.0),Current well-being,I,LUX,Luxembourg,3_1,Households living in overcrowded conditions,PT_HH,Percentage of households,_T,Total,_T,Total,_T,Total,HSL_3,Housing,2013,,5.84996491670609,,A,Normal value,0,Units,2,Two,,
DATAFLOW,OECD.WISE.WDP:DSD_HSL@DF_HSL_CWB(1.0),Current well-being,I,LUX,Luxembourg,3_1,Households living in overcrowded conditions,PT_HH,Percentage of households,_T,Total,_T,Total,_T,Total,HSL_3,Housing,2012,,6.62071704864502,,A,Normal value,0,Units,2,Two,,
DATAFLOW,OECD.WISE.WDP:DSD_HSL@DF_HSL_CWB(1.0),Current well-being,I,LUX,Luxembourg,3_1,Households living in overcrowded conditions,PT_HH,Percentage of households,_T,Total,_T,Total,_T,Total,HSL_3,Housing,2011,,6.5757729113102,,A,Normal value,0,Units,2,Two,,
DATAFLOW,OECD.WISE.WDP:DSD_HSL@DF_HSL_CWB(1.0),Current well-being,I,LUX,Luxembourg,3_1,Households living in overcrowded conditions,PT_HH,Percentage of households,_T,Total,_T,Total,_T,Total,HSL_3,Housing,2010,,7.77453109622002,,A,Normal value,0,Units,2,Two,,
DATAFLOW,OECD.WISE.WDP:DSD_HSL@DF_HSL_CWB(1.0),Current well-being,I,LUX,Luxembourg,3_1,Households living in overcrowded conditions,PT_HH,Percentage of households,_T,Total,_T,Total,_T,Total,HSL_3,Housing,2020,,7.74821639060974,,A,Normal value,0,Units,2,Two,,
DATAFLOW,OECD.WISE.WDP:DSD_HSL@DF_HSL_CWB(1.0),Current well-being,I,LUX,Luxembourg,3_1,Households living in overcrowded conditions,PT_HH,Percentage of households,_T,Total,_T,Total,_T,Total,HSL_3,Housing,2019,,7.20348656177521,,A,Normal value,0,Units,2,Two,,
DATAFLOW,OECD.WISE.WDP:DSD_HSL@DF_HSL_CWB(1.0),Current well-being,I,TUR,Türkiye,3_1,Households living in overcrowded conditions,PT_HH,Percentage of households,_T,Total,_T,Total,_T,Total,HSL_3,Housing,2017,,26.8321096897125,,A,Normal value,0,Units,2,Two,,
DATAFLOW,OECD.WISE.WDP:DSD_HSL@DF_HSL_CWB(1.0),Current well-being,I,TUR,Türkiye,3_1,Households living in overcrowded conditions,PT_HH,Percentage of households,_T,Total,_T,Total,_T,Total,HSL_3,Housing,2016,,27.4313420057297,,A,Normal value,0,Units,2,Two,,
DATAFLOW,OECD.WISE.WDP:DSD_HSL@DF_HSL_CWB(1.0),Current well-being,I,TUR,Türkiye,3_1,Households living in overcrowded conditions,PT_HH,Percentage of households,_T,Total,_T,Total,_T,Total,HSL_3,Housing,2015,,28.6679297685623,,A,Normal value,0,Units,2,Two,,
DATAFLOW,OECD.WISE.WDP:DSD_HSL@DF_HSL_CWB(1.0),Current well-being,I,TUR,Türkiye,3_1,Households living in overcrowded conditions,PT_HH,Percentage of households,_T,Total,_T,Total,_T,Total,HSL_3,Housing,2014,,29.6692818403244,,A,Normal value,0,Units,2,Two,,
DATAFLOW,OECD.WISE.WDP:DSD_HSL@DF_HSL_CWB(1.0),Current well-being,I,TUR,Türkiye,3_1,Households living in overcrowded conditions,PT_HH,Percentage of households,_T,Total,_T,Total,_T,Total,HSL_3,Housing,2013,,30.2930682897568,,A,Normal value,0,Units,2,Two,,
DATAFLOW,OECD.WISE.WDP:DSD_HSL@DF_HSL_CWB(1.0),Current well-being,I,TUR,Türkiye,3_1,Households living in overcrowded conditions,PT_HH,Percentage of households,_T,Total,_T,Total,_T,Total,HSL_3,Housing,2012,,30.4899454116821,,A,Normal value,0,Units,2,Two,,
DATAFLOW,OECD.WISE.WDP:DSD_HSL@DF_HSL_CWB(1.0),Current well-being,I,TUR,Türkiye,3_1,Households living in overcrowded conditions,PT_HH,Percentage of households,_T,Total,_T,Total,_T,Total,HSL_3,Housing,2011,,31.5100193023682,,A,Normal value,0,Units,2,Two,,
DATAFLOW,OECD.WISE.WDP:DSD_HSL@DF_HSL_CWB(1.0),Current well-being,I,TUR,Türkiye,3_1,Households living in overcrowded conditions,PT_HH,Percentage of households,_T,Total,_T,Total,_T,Total,HSL_3,Housing,2010,,7.85118192434311,,A,Normal value,0,Units,2,Two,,
DATAFLOW,OECD.WISE.WDP:DSD_HSL@DF_HSL_CWB(1.0),Current well-being,I,TUR,Türkiye,3_1,Households living in overcrowded conditions,PT_HH,Percentage of households,_T,Total,_T,Total,_T,Total,HSL_3,Housing,2020,,23.8428726792336,,A,Normal value,0,Units,2,Two,,
DATAFLOW,OECD.WISE.WDP:DSD_HSL@DF_HSL_CWB(1.0),Current well-being,I,TUR,Türkiye,3_1,Households living in overcrowded conditions,PT_HH,Percentage of households,_T,Total,_T,Total,_T,Total,HSL_3,Housing,2019,,24.383182823658,,A,Normal value,0,Units,2,Two,,
DATAFLOW,OECD.WISE.WDP:DSD_HSL@DF_HSL_CWB(1.0),Current well-being,I,GBR,United Kingdom,3_1,Households living in overcrowded conditions,PT_HH,Percentage of households,_T,Total,_T,Total,_T,Total,HSL_3,Housing,2017,,1.1184754781425,,A,Normal value,0,Units,2,Two,,
DATAFLOW,OECD.WISE.WDP:DSD_HSL@DF_HSL_CWB(1.0),Current well-being,I,GBR,United Kingdom,3_1,Households living in overcrowded conditions,PT_HH,Percentage of households,_T,Total,_T,Total,_T,Total,HSL_3,Housing,2016,,1.04347998276353,,A,Normal value,0,Units,2,Two,,
DATAFLOW,OECD.WISE.WDP:DSD_HSL@DF_HSL_CWB(1.0),Current well-being,I,GBR,United Kingdom,3_1,Households living in overcrowded conditions,PT_HH,Percentage of households,_T,Total,_T,Total,_T,Total,HSL_3,Housing,2015,,1.12544987350702,,A,Normal value,0,Units,2,Two,,
DATAFLOW,OECD.WISE.WDP:DSD_HSL@DF_HSL_CWB(1.0),Current well-being,I,GBR,United Kingdom,3_1,Households living in overcrowded conditions,PT_HH,Percentage of households,_T,Total,_T,Total,_T,Total,HSL_3,Housing,2014,,1.44051127135754,,A,Normal value,0,Units,2,Two,,
DATAFLOW,OECD.WISE.WDP:DSD_HSL@DF_HSL_CWB(1.0),Current well-being,I,GBR,United Kingdom,3_1,Households living in overcrowded conditions,PT_HH,Percentage of households,_T,Total,_T,Total,_T,Total,HSL_3,Housing,2013,,1.55340377241373,,A,Normal value,0,Units,2,Two,,
DATAFLOW,OECD.WISE.WDP:DSD_HSL@DF_HSL_CWB(1.0),Current well-being,I,GBR,United Kingdom,3_1,Households living in overcrowded conditions,PT_HH,Percentage of households,_T,Total,_T,Total,_T,Total,HSL_3,Housing,2012,,1.55910486355424,,A,Normal value,0,Units,2,Two,,
DATAFLOW,OECD.WISE.WDP:DSD_HSL@DF_HSL_CWB(1.0),Current well-being,I,GBR,United Kingdom,3_1,Households living in overcrowded conditions,PT_HH,Percentage of households,_T,Total,_T,Total,_T,Total,HSL_3,Housing,2011,,1.97145752608776,,A,Normal value,0,Units,2,Two,,
DATAFLOW,OECD.WISE.WDP:DSD_HSL@DF_HSL_CWB(1.0),Current well-being,I,GBR,United Kingdom,3_1,Households living in overcrowded conditions,PT_HH,Percentage of households,_T,Total,_T,Total,_T,Total,HSL_3,Housing,2010,,1.43257519230247,,A,Normal value,0,Units,2,Two,,
DATAFLOW,OECD.WISE.WDP:DSD_HSL@DF_HSL_CWB(1.0),Current well-being,I,GBR,United Kingdom,3_1,Households living in overcrowded conditions,PT_HH,Percentage of households,_T,Total,_T,Total,_T,Total,HSL_3,Housing,2020,,0.76571055687964,,A,Normal value,0,Units,2,Two,,
DATAFLOW,OECD.WISE.WDP:DSD_HSL@DF_HSL_CWB(1.0),Current well-being,I,GBR,United Kingdom,3_1,Households living in overcrowded conditions,PT_HH,Percentage of households,_T,Total,_T,Total,_T,Total,HSL_3,Housing,2019,,0.857434514909983,,A,Normal value,0,Units,2,Two,,
DATAFLOW,OECD.WISE.WDP:DSD_HSL@DF_HSL_CWB(1.0),Current well-being,I,GRC,Greece,3_1,Households living in overcrowded conditions,PT_HH,Percentage of households,_T,Total,_T,Total,_T,Total,HSL_3,Housing,2020,,17.9050490260124,,A,Normal value,0,Units,2,Two,,
DATAFLOW,OECD.WISE.WDP:DSD_HSL@DF_HSL_CWB(1.0),Current well-being,I,GRC,Greece,3_1,Households living in overcrowded conditions,PT_HH,Percentage of households,_T,Total,_T,Total,_T,Total,HSL_3,Housing,2019,,18.0761218070984,,A,Normal value,0,Units,2,Two,,
DATAFLOW,OECD.WISE.WDP:DSD_HSL@DF_HSL_CWB(1.0),Current well-being,I,GRC,Greece,3_1,Households living in overcrowded conditions,PT_HH,Percentage of households,_T,Total,_T,Total,_T,Total,HSL_3,Housing,2018,,17.9696246981621,,A,Normal value,0,Units,2,Two,,
DATAFLOW,OECD.WISE.WDP:DSD_HSL@DF_HSL_CWB(1.0),Current well-being,I,GRC,Greece,3_1,Households living in overcrowded conditions,PT_HH,Percentage of households,_T,Total,_T,Total,_T,Total,HSL_3,Housing,2017,,17.7898079156876,,A,Normal value,0,Units,2,Two,,
DATAFLOW,OECD.WISE.WDP:DSD_HSL@DF_HSL_CWB(1.0),Current well-being,I,GRC,Greece,3_1,Households living in overcrowded conditions,PT_HH,Percentage of households,_T,Total,_T,Total,_T,Total,HSL_3,Housing,2013,,18.6488971114159,,A,Normal value,0,Units,2,Two,,
DATAFLOW,OECD.WISE.WDP:DSD_HSL@DF_HSL_CWB(1.0),Current well-being,I,GRC,Greece,3_1,Households living in overcrowded conditions,PT_HH,Percentage of households,_T,Total,_T,Total,_T,Total,HSL_3,Housing,2012,,19.9897781014442,,A,Normal value,0,Units,2,Two,,
DATAFLOW,OECD.WISE.WDP:DSD_HSL@DF_HSL_CWB(1.0),Current well-being,I,GRC,Greece,3_1,Households living in overcrowded conditions,PT_HH,Percentage of households,_T,Total,_T,Total,_T,Total,HSL_3,Housing,2011,,18.9792782068253,,A,Normal value,0,Units,2,Two,,
DATAFLOW,OECD.WISE.WDP:DSD_HSL@DF_HSL_CWB(1.0),Current well-being,I,GRC,Greece,3_1,Households living in overcrowded conditions,PT_HH,Percentage of households,_T,Total,_T,Total,_T,Total,HSL_3,Housing,2010,,19.0945625305176,,A,Normal value,0,Units,2,Two,,
DATAFLOW,OECD.WISE.WDP:DSD_HSL@DF_HSL_CWB(1.0),Current well-being,I,GRC,Greece,3_1,Households living in overcrowded conditions,PT_HH,Percentage of households,_T,Total,_T,Total,_T,Total,HSL_3,Housing,2016,,18.0864721536636,,A,Normal value,0,Units,2,Two,,
DATAFLOW,OECD.WISE.WDP:DSD_HSL@DF_HSL_CWB(1.0),Current well-being,I,GRC,Greece,3_1,Households living in overcrowded conditions,PT_HH,Percentage of households,_T,Total,_T,Total,_T,Total,HSL_3,Housing,2015,,18.2267114520073,,A,Normal value,0,Units,2,Two,,
DATAFLOW,OECD.WISE.WDP:DSD_HSL@DF_HSL_CWB(1.0),Current well-being,I,LTU,Lithuania,3_1,Households living in overcrowded conditions,PT_HH,Percentage of households,_T,Total,_T,Total,_T,Total,HSL_3,Housing,2017,,15.23796916008,,A,Normal value,0,Units,2,Two,,
DATAFLOW,OECD.WISE.WDP:DSD_HSL@DF_HSL_CWB(1.0),Current well-being,I,LTU,Lithuania,3_1,Households living in overcrowded conditions,PT_HH,Percentage of households,_T,Total,_T,Total,_T,Total,HSL_3,Housing,2016,,16.4849117398262,,A,Normal value,0,Units,2,Two,,
DATAFLOW,OECD.WISE.WDP:DSD_HSL@DF_HSL_CWB(1.0),Current well-being,I,LTU,Lithuania,3_1,Households living in overcrowded conditions,PT_HH,Percentage of households,_T,Total,_T,Total,_T,Total,HSL_3,Housing,2015,,17.9268583655357,,A,Normal value,0,Units,2,Two,,
DATAFLOW,OECD.WISE.WDP:DSD_HSL@DF_HSL_CWB(1.0),Current well-being,I,LTU,Lithuania,3_1,Households living in overcrowded conditions,PT_HH,Percentage of households,_T,Total,_T,Total,_T,Total,HSL_3,Housing,2014,,20.5858454108238,,A,Normal value,0,Units,2,Two,,
DATAFLOW,OECD.WISE.WDP:DSD_HSL@DF_HSL_CWB(1.0),Current well-being,I,LTU,Lithuania,3_1,Households living in overcrowded conditions,PT_HH,Percentage of households,_T,Total,_T,Total,_T,Total,HSL_3,Housing,2013,,19.4931536912918,,A,Normal value,0,Units,2,Two,,
DATAFLOW,OECD.WISE.WDP:DSD_HSL@DF_HSL_CWB(1.0),Current well-being,I,LTU,Lithuania,3_1,Households living in overcrowded conditions,PT_HH,Percentage of households,_T,Total,_T,Total,_T,Total,HSL_3,Housing,2012,,11.7447279393673,,A,Normal value,0,Units,2,Two,,
DATAFLOW,OECD.WISE.WDP:DSD_HSL@DF_HSL_CWB(1.0),Current well-being,I,LTU,Lithuania,3_1,Households living in overcrowded conditions,PT_HH,Percentage of households,_T,Total,_T,Total,_T,Total,HSL_3,Housing,2011,,11.453016102314,,A,Normal value,0,Units,2,Two,,
DATAFLOW,OECD.WISE.WDP:DSD_HSL@DF_HSL_CWB(1.0),Current well-being,I,LTU,Lithuania,3_1,Households living in overcrowded conditions,PT_HH,Percentage of households,_T,Total,_T,Total,_T,Total,HSL_3,Housing,2010,,34.3812704086304,,A,Normal value,0,Units,2,Two,,
DATAFLOW,OECD.WISE.WDP:DSD_HSL@DF_HSL_CWB(1.0),Current well-being,I,LTU,Lithuania,3_1,Households living in overcrowded conditions,PT_HH,Percentage of households,_T,Total,_T,Total,_T,Total,HSL_3,Housing,2020,,14.4549772143364,,A,Normal value,0,Units,2,Two,,
DATAFLOW,OECD.WISE.WDP:DSD_HSL@DF_HSL_CWB(1.0),Current well-being,I,LTU,Lithuania,3_1,Households living in overcrowded conditions,PT_HH,Percentage of households,_T,Total,_T,Total,_T,Total,HSL_3,Housing,2019,,14.7226125001907,,A,Normal value,0,Units,2,Two,,
DATAFLOW,OECD.WISE.WDP:DSD_HSL@DF_HSL_CWB(1.0),Current well-being,I,ESP,Spain,3_1,Households living in overcrowded conditions,PT_HH,Percentage of households,_T,Total,_T,Total,_T,Total,HSL_3,Housing,2015,,2.8797160834074,,A,Normal value,0,Units,2,Two,,
DATAFLOW,OECD.WISE.WDP:DSD_HSL@DF_HSL_CWB(1.0),Current well-being,I,ESP,Spain,3_1,Households living in overcrowded conditions,PT_HH,Percentage of households,_T,Total,_T,Total,_T,Total,HSL_3,Housing,2014,,2.94702053070068,,A,Normal value,0,Units,2,Two,,
DATAFLOW,OECD.WISE.WDP:DSD_HSL@DF_HSL_CWB(1.0),Current well-being,I,ESP,Spain,3_1,Households living in overcrowded conditions,PT_HH,Percentage of households,_T,Total,_T,Total,_T,Total,HSL_3,Housing,2013,,3.07297129184008,,A,Normal value,0,Units,2,Two,,
DATAFLOW,OECD.WISE.WDP:DSD_HSL@DF_HSL_CWB(1.0),Current well-being,I,ESP,Spain,3_1,Households living in overcrowded conditions,PT_HH,Percentage of households,_T,Total,_T,Total,_T,Total,HSL_3,Housing,2012,,2.90251169353724,,A,Normal value,0,Units,2,Two,,
DATAFLOW,OECD.WISE.WDP:DSD_HSL@DF_HSL_CWB(1.0),Current well-being,I,ESP,Spain,3_1,Households living in overcrowded conditions,PT_HH,Percentage of households,_T,Total,_T,Total,_T,Total,HSL_3,Housing,2011,,3.72533947229385,,A,Normal value,0,Units,2,Two,,
DATAFLOW,OECD.WISE.WDP:DSD_HSL@DF_HSL_CWB(1.0),Current well-being,I,ESP,Spain,3_1,Households living in overcrowded conditions,PT_HH,Percentage of households,_T,Total,_T,Total,_T,Total,HSL_3,Housing,2010,,3.10875661671162,,A,Normal value,0,Units,2,Two,,
DATAFLOW,OECD.WISE.WDP:DSD_HSL@DF_HSL_CWB(1.0),Current well-being,I,ESP,Spain,3_1,Households living in overcrowded conditions,PT_HH,Percentage of households,_T,Total,_T,Total,_T,Total,HSL_3,Housing,2020,,3.70220132172108,,A,Normal value,0,Units,2,Two,,
DATAFLOW,OECD.WISE.WDP:DSD_HSL@DF_HSL_CWB(1.0),Current well-being,I,ESP,Spain,3_1,Households living in overcrowded conditions,PT_HH,Percentage of households,_T,Total,_T,Total,_T,Total,HSL_3,Housing,2019,,3.01369410008192,,A,Normal value,0,Units,2,Two,,
DATAFLOW,OECD.WISE.WDP:DSD_HSL@DF_HSL_CWB(1.0),Current well-being,I,ESP,Spain,3_1,Households living in overcrowded conditions,PT_HH,Percentage of households,_T,Total,_T,Total,_T,Total,HSL_3,Housing,2018,,2.67251785844564,,A,Normal value,0,Units,2,Two,,
DATAFLOW,OECD.WISE.WDP:DSD_HSL@DF_HSL_CWB(1.0),Current well-being,I,ESP,Spain,3_1,Households living in overcrowded conditions,PT_HH,Percentage of households,_T,Total,_T,Total,_T,Total,HSL_3,Housing,2017,,2.84244529902935,,A,Normal value,0,Units,2,Two,,
DATAFLOW,OECD.WISE.WDP:DSD_HSL@DF_HSL_CWB(1.0),Current well-being,I,MEX,Mexico,3_1,Households living in overcrowded conditions,PT_HH,Percentage of households,_T,Total,_T,Total,_T,Total,HSL_3,Housing,2010,,35.657012462616,,A,Normal value,0,Units,2,Two,,
DATAFLOW,OECD.WISE.WDP:DSD_HSL@DF_HSL_CWB(1.0),Current well-being,I,MEX,Mexico,3_1,Households living in overcrowded conditions,PT_HH,Percentage of households,_T,Total,_T,Total,_T,Total,HSL_3,Housing,2020,,31.0435563325882,,A,Normal value,0,Units,2,Two,,
DATAFLOW,OECD.WISE.WDP:DSD_HSL@DF_HSL_CWB(1.0),Current well-being,I,MEX,Mexico,3_1,Households living in overcrowded conditions,PT_HH,Percentage of households,_T,Total,_T,Total,_T,Total,HSL_3,Housing,2018,,33.1911206245422,,A,Normal value,0,Units,2,Two,,
DATAFLOW,OECD.WISE.WDP:DSD_HSL@DF_HSL_CWB(1.0),Current well-being,I,MEX,Mexico,3_1,Households living in overcrowded conditions,PT_HH,Percentage of households,_T,Total,_T,Total,_T,Total,HSL_3,Housing,2016,,33.8695973157883,,A,Normal value,0,Units,2,Two,,
DATAFLOW,OECD.WISE.WDP:DSD_HSL@DF_HSL_CWB(1.0),Current well-being,I,MEX,Mexico,3_1,Households living in overcrowded conditions,PT_HH,Percentage of households,_T,Total,_T,Total,_T,Total,HSL_3,Housing,2014,,33.2659661769867,,A,Normal value,0,Units,2,Two,,
DATAFLOW,OECD.WISE.WDP:DSD_HSL@DF_HSL_CWB(1.0),Current well-being,I,EST,Estonia,3_1,Households living in overcrowded conditions,PT_HH,Percentage of households,_T,Total,_T,Total,_T,Total,HSL_3,Housing,2018,,8.00666287541389,,A,Normal value,0,Units,2,Two,,
DATAFLOW,OECD.WISE.WDP:DSD_HSL@DF_HSL_CWB(1.0),Current well-being,I,EST,Estonia,3_1,Households living in overcrowded conditions,PT_HH,Percentage of households,_T,Total,_T,Total,_T,Total,HSL_3,Housing,2017,,8.76618474721909,,A,Normal value,0,Units,2,Two,,
DATAFLOW,OECD.WISE.WDP:DSD_HSL@DF_HSL_CWB(1.0),Current well-being,I,EST,Estonia,3_1,Households living in overcrowded conditions,PT_HH,Percentage of households,_T,Total,_T,Total,_T,Total,HSL_3,Housing,2016,,8.30134153366089,,A,Normal value,0,Units,2,Two,,
DATAFLOW,OECD.WISE.WDP:DSD_HSL@DF_HSL_CWB(1.0),Current well-being,I,EST,Estonia,3_1,Households living in overcrowded conditions,PT_HH,Percentage of households,_T,Total,_T,Total,_T,Total,HSL_3,Housing,2015,,8.34871679544449,,A,Normal value,0,Units,2,Two,,
DATAFLOW,OECD.WISE.WDP:DSD_HSL@DF_HSL_CWB(1.0),Current well-being,I,EST,Estonia,3_1,Households living in overcrowded conditions,PT_HH,Percentage of households,_T,Total,_T,Total,_T,Total,HSL_3,Housing,2014,,9.67445969581604,,A,Normal value,0,Units,2,Two,,
DATAFLOW,OECD.WISE.WDP:DSD_HSL@DF_HSL_CWB(1.0),Current well-being,I,EST,Estonia,3_1,Households living in overcrowded conditions,PT_HH,Percentage of households,_T,Total,_T,Total,_T,Total,HSL_3,Housing,2013,,14.1817331314087,,A,Normal value,0,Units,2,Two,,
DATAFLOW,OECD.WISE.WDP:DSD_HSL@DF_HSL_CWB(1.0),Current well-being,I,EST,Estonia,3_1,Households living in overcrowded conditions,PT_HH,Percentage of households,_T,Total,_T,Total,_T,Total,HSL_3,Housing,2012,,9.29815694689751,,A,Normal value,0,Units,2,Two,,
DATAFLOW,OECD.WISE.WDP:DSD_HSL@DF_HSL_CWB(1.0),Current well-being,I,EST,Estonia,3_1,Households living in overcrowded conditions,PT_HH,Percentage of households,_T,Total,_T,Total,_T,Total,HSL_3,Housing,2011,,9.08089503645897,,A,Normal value,0,Units,2,Two,,
DATAFLOW,OECD.WISE.WDP:DSD_HSL@DF_HSL_CWB(1.0),Current well-being,I,EST,Estonia,3_1,Households living in overcrowded conditions,PT_HH,Percentage of households,_T,Total,_T,Total,_T,Total,HSL_3,Housing,2020,,8.88949930667877,,A,Normal value,0,Units,2,Two,,
DATAFLOW,OECD.WISE.WDP:DSD_HSL@DF_HSL_CWB(1.0),Current well-being,I,AUT,Austria,3_1,Households living in overcrowded conditions,PT_HH,Percentage of households,_T,Total,_T,Total,_T,Total,HSL_3,Housing,2018,,10.8559958636761,,A,Normal value,0,Units,2,Two,,
DATAFLOW,OECD.WISE.WDP:DSD_HSL@DF_HSL_CWB(1.0),Current well-being,I,AUT,Austria,3_1,Households living in overcrowded conditions,PT_HH,Percentage of households,_T,Total,_T,Total,_T,Total,HSL_3,Housing,2017,,12.2610963881016,,A,Normal value,0,Units,2,Two,,
DATAFLOW,OECD.WISE.WDP:DSD_HSL@DF_HSL_CWB(1.0),Current well-being,I,AUT,Austria,3_1,Households living in overcrowded conditions,PT_HH,Percentage of households,_T,Total,_T,Total,_T,Total,HSL_3,Housing,2016,,11.3846279680729,,A,Normal value,0,Units,2,Two,,
DATAFLOW,OECD.WISE.WDP:DSD_HSL@DF_HSL_CWB(1.0),Current well-being,I,AUT,Austria,3_1,Households living in overcrowded conditions,PT_HH,Percentage of households,_T,Total,_T,Total,_T,Total,HSL_3,Housing,2014,,12.6881659030914,,A,Normal value,0,Units,2,Two,,
DATAFLOW,OECD.WISE.WDP:DSD_HSL@DF_HSL_CWB(1.0),Current well-being,I,AUT,Austria,3_1,Households living in overcrowded conditions,PT_HH,Percentage of households,_T,Total,_T,Total,_T,Total,HSL_3,Housing,2013,,11.9282573461533,,A,Normal value,0,Units,2,Two,,
DATAFLOW,OECD.WISE.WDP:DSD_HSL@DF_HSL_CWB(1.0),Current well-being,I,AUT,Austria,3_1,Households living in overcrowded conditions,PT_HH,Percentage of households,_T,Total,_T,Total,_T,Total,HSL_3,Housing,2012,,11.59403398633,,A,Normal value,0,Units,2,Two,,
DATAFLOW,OECD.WISE.WDP:DSD_HSL@DF_HSL_CWB(1.0),Current well-being,I,AUT,Austria,3_1,Households living in overcrowded conditions,PT_HH,Percentage of households,_T,Total,_T,Total,_T,Total,HSL_3,Housing,2011,,10.712655633688,,A,Normal value,0,Units,2,Two,,
DATAFLOW,OECD.WISE.WDP:DSD_HSL@DF_HSL_CWB(1.0),Current well-being,I,AUT,Austria,3_1,Households living in overcrowded conditions,PT_HH,Percentage of households,_T,Total,_T,Total,_T,Total,HSL_3,Housing,2010,,10.2343186736107,,A,Normal value,0,Units,2,Two,,
DATAFLOW,OECD.WISE.WDP:DSD_HSL@DF_HSL_CWB(1.0),Current well-being,I,AUT,Austria,3_1,Households living in overcrowded conditions,PT_HH,Percentage of households,_T,Total,_T,Total,_T,Total,HSL_3,Housing,2015,,11.3668158650398,,A,Normal value,0,Units,2,Two,,
DATAFLOW,OECD.WISE.WDP:DSD_HSL@DF_HSL_CWB(1.0),Current well-being,I,AUT,Austria,3_1,Households living in overcrowded conditions,PT_HH,Percentage of households,_T,Total,_T,Total,_T,Total,HSL_3,Housing,2020,,10.6852144002914,,A,Normal value,0,Units,2,Two,,
DATAFLOW,OECD.WISE.WDP:DSD_HSL@DF_HSL_CWB(1.0),Current well-being,I,CHE,Switzerland,3_1,Households living in overcrowded conditions,PT_HH,Percentage of households,_T,Total,_T,Total,_T,Total,HSL_3,Housing,2018,,5.35096377134323,,A,Normal value,0,Units,2,Two,,
DATAFLOW,OECD.WISE.WDP:DSD_HSL@DF_HSL_CWB(1.0),Current well-being,I,CHE,Switzerland,3_1,Households living in overcrowded conditions,PT_HH,Percentage of households,_T,Total,_T,Total,_T,Total,HSL_3,Housing,2016,,5.58588206768036,,A,Normal value,0,Units,2,Two,,
DATAFLOW,OECD.WISE.WDP:DSD_HSL@DF_HSL_CWB(1.0),Current well-being,I,CHE,Switzerland,3_1,Households living in overcrowded conditions,PT_HH,Percentage of households,_T,Total,_T,Total,_T,Total,HSL_3,Housing,2015,,5.41145280003548,,A,Normal value,0,Units,2,Two,,
DATAFLOW,OECD.WISE.WDP:DSD_HSL@DF_HSL_CWB(1.0),Current well-being,I,CHE,Switzerland,3_1,Households living in overcrowded conditions,PT_HH,Percentage of households,_T,Total,_T,Total,_T,Total,HSL_3,Housing,2014,,5.27784042060375,,A,Normal value,0,Units,2,Two,,
DATAFLOW,OECD.WISE.WDP:DSD_HSL@DF_HSL_CWB(1.0),Current well-being,I,CHE,Switzerland,3_1,Households living in overcrowded conditions,PT_HH,Percentage of households,_T,Total,_T,Total,_T,Total,HSL_3,Housing,2013,,5.12208864092827,,A,Normal value,0,Units,2,Two,,
DATAFLOW,OECD.WISE.WDP:DSD_HSL@DF_HSL_CWB(1.0),Current well-being,I,CHE,Switzerland,3_1,Households living in overcrowded conditions,PT_HH,Percentage of households,_T,Total,_T,Total,_T,Total,HSL_3,Housing,2012,,4.63976748287678,,A,Normal value,0,Units,2,Two,,
DATAFLOW,OECD.WISE.WDP:DSD_HSL@DF_HSL_CWB(1.0),Current well-being,I,CHE,Switzerland,3_1,Households living in overcrowded conditions,PT_HH,Percentage of households,_T,Total,_T,Total,_T,Total,HSL_3,Housing,2011,,5.02718575298786,,A,Normal value,0,Units,2,Two,,
DATAFLOW,OECD.WISE.WDP:DSD_HSL@DF_HSL_CWB(1.0),Current well-being,I,CHE,Switzerland,3_1,Households living in overcrowded conditions,PT_HH,Percentage of households,_T,Total,_T,Total,_T,Total,HSL_3,Housing,2010,,5.32211698591709,,A,Normal value,0,Units,2,Two,,
DATAFLOW,OECD.WISE.WDP:DSD_HSL@DF_HSL_CWB(1.0),Current well-being,I,CHE,Switzerland,3_1,Households living in overcrowded conditions,PT_HH,Percentage of households,_T,Total,_T,Total,_T,Total,HSL_3,Housing,2020,,5.27943037450314,,A,Normal value,0,Units,2,Two,,
DATAFLOW,OECD.WISE.WDP:DSD_HSL@DF_HSL_CWB(1.0),Current well-being,I,IRL,Ireland,3_1,Households living in overcrowded conditions,PT_HH,Percentage of households,_T,Total,_T,Total,_T,Total,HSL_3,Housing,2017,,1.43869016319513,,A,Normal value,0,Units,2,Two,,
DATAFLOW,OECD.WISE.WDP:DSD_HSL@DF_HSL_CWB(1.0),Current well-being,I,IRL,Ireland,3_1,Households living in overcrowded conditions,PT_HH,Percentage of households,_T,Total,_T,Total,_T,Total,HSL_3,Housing,2016,,1.55502827838063,,A,Normal value,0,Units,2,Two,,
DATAFLOW,OECD.WISE.WDP:DSD_HSL@DF_HSL_CWB(1.0),Current well-being,I,IRL,Ireland,3_1,Households living in overcrowded conditions,PT_HH,Percentage of households,_T,Total,_T,Total,_T,Total,HSL_3,Housing,2015,,1.46831376478076,,A,Normal value,0,Units,2,Two,,
DATAFLOW,OECD.WISE.WDP:DSD_HSL@DF_HSL_CWB(1.0),Current well-being,I,IRL,Ireland,3_1,Households living in overcrowded conditions,PT_HH,Percentage of households,_T,Total,_T,Total,_T,Total,HSL_3,Housing,2014,,2.46830973774195,,A,Normal value,0,Units,2,Two,,
DATAFLOW,OECD.WISE.WDP:DSD_HSL@DF_HSL_CWB(1.0),Current well-being,I,IRL,Ireland,3_1,Households living in overcrowded conditions,PT_HH,Percentage of households,_T,Total,_T,Total,_T,Total,HSL_3,Housing,2013,,1.66235268115997,,A,Normal value,0,Units,2,Two,,
DATAFLOW,OECD.WISE.WDP:DSD_HSL@DF_HSL_CWB(1.0),Current well-being,I,IRL,Ireland,3_1,Households living in overcrowded conditions,PT_HH,Percentage of households,_T,Total,_T,Total,_T,Total,HSL_3,Housing,2012,,1.61809753626585,,A,Normal value,0,Units,2,Two,,
DATAFLOW,OECD.WISE.WDP:DSD_HSL@DF_HSL_CWB(1.0),Current well-being,I,IRL,Ireland,3_1,Households living in overcrowded conditions,PT_HH,Percentage of households,_T,Total,_T,Total,_T,Total,HSL_3,Housing,2011,,1.20913544669747,,A,Normal value,0,Units,2,Two,,
DATAFLOW,OECD.WISE.WDP:DSD_HSL@DF_HSL_CWB(1.0),Current well-being,I,IRL,Ireland,3_1,Households living in overcrowded conditions,PT_HH,Percentage of households,_T,Total,_T,Total,_T,Total,HSL_3,Housing,2010,,2.23791506141424,,A,Normal value,0,Units,2,Two,,
DATAFLOW,OECD.WISE.WDP:DSD_HSL@DF_HSL_CWB(1.0),Current well-being,I,IRL,Ireland,3_1,Households living in overcrowded conditions,PT_HH,Percentage of households,_T,Total,_T,Total,_T,Total,HSL_3,Housing,2020,,2.38893330097198,,A,Normal value,0,Units,2,Two,,
DATAFLOW,OECD.WISE.WDP:DSD_HSL@DF_HSL_CWB(1.0),Current well-being,I,IRL,Ireland,3_1,Households living in overcrowded conditions,PT_HH,Percentage of households,_T,Total,_T,Total,_T,Total,HSL_3,Housing,2019,,2.00794860720634,,A,Normal value,0,Units,2,Two,,
DATAFLOW,OECD.WISE.WDP:DSD_HSL@DF_HSL_CWB(1.0),Current well-being,I,DEU,Germany,3_1,Households living in overcrowded conditions,PT_HH,Percentage of households,_T,Total,_T,Total,_T,Total,HSL_3,Housing,2010,,5.78787103295326,,A,Normal value,0,Units,2,Two,,
DATAFLOW,OECD.WISE.WDP:DSD_HSL@DF_HSL_CWB(1.0),Current well-being,I,DEU,Germany,3_1,Households living in overcrowded conditions,PT_HH,Percentage of households,_T,Total,_T,Total,_T,Total,HSL_3,Housing,2020,,9.20466855168343,,A,Normal value,0,Units,2,Two,,
DATAFLOW,OECD.WISE.WDP:DSD_HSL@DF_HSL_CWB(1.0),Current well-being,I,DEU,Germany,3_1,Households living in overcrowded conditions,PT_HH,Percentage of households,_T,Total,_T,Total,_T,Total,HSL_3,Housing,2014,,6.14942125976086,,A,Normal value,0,Units,2,Two,,
DATAFLOW,OECD.WISE.WDP:DSD_HSL@DF_HSL_CWB(1.0),Current well-being,I,NOR,Norway,3_1,Households living in overcrowded conditions,PT_HH,Percentage of households,_T,Total,_T,Total,_T,Total,HSL_3,Housing,2017,,6.14771246910095,,A,Normal value,0,Units,2,Two,,
DATAFLOW,OECD.WISE.WDP:DSD_HSL@DF_HSL_CWB(1.0),Current well-being,I,NOR,Norway,3_1,Households living in overcrowded conditions,PT_HH,Percentage of households,_T,Total,_T,Total,_T,Total,HSL_3,Housing,2016,,5.77272772789001,,A,Normal value,0,Units,2,Two,,
DATAFLOW,OECD.WISE.WDP:DSD_HSL@DF_HSL_CWB(1.0),Current well-being,I,NOR,Norway,3_1,Households living in overcrowded conditions,PT_HH,Percentage of households,_T,Total,_T,Total,_T,Total,HSL_3,Housing,2015,,6.07909150421619,,A,Normal value,0,Units,2,Two,,
DATAFLOW,OECD.WISE.WDP:DSD_HSL@DF_HSL_CWB(1.0),Current well-being,I,NOR,Norway,3_1,Households living in overcrowded conditions,PT_HH,Percentage of households,_T,Total,_T,Total,_T,Total,HSL_3,Housing,2014,,5.43880946934223,,A,Normal value,0,Units,2,Two,,
DATAFLOW,OECD.WISE.WDP:DSD_HSL@DF_HSL_CWB(1.0),Current well-being,I,NOR,Norway,3_1,Households living in overcrowded conditions,PT_HH,Percentage of households,_T,Total,_T,Total,_T,Total,HSL_3,Housing,2013,,7.07673877477646,,A,Normal value,0,Units,2,Two,,
DATAFLOW,OECD.WISE.WDP:DSD_HSL@DF_HSL_CWB(1.0),Current well-being,I,NOR,Norway,3_1,Households living in overcrowded conditions,PT_HH,Percentage of households,_T,Total,_T,Total,_T,Total,HSL_3,Housing,2012,,6.06539063155651,,A,Normal value,0,Units,2,Two,,
DATAFLOW,OECD.WISE.WDP:DSD_HSL@DF_HSL_CWB(1.0),Current well-being,I,NOR,Norway,3_1,Households living in overcrowded conditions,PT_HH,Percentage of households,_T,Total,_T,Total,_T,Total,HSL_3,Housing,2011,,6.11524060368538,,A,Normal value,0,Units,2,Two,,
DATAFLOW,OECD.WISE.WDP:DSD_HSL@DF_HSL_CWB(1.0),Current well-being,I,NOR,Norway,3_1,Households living in overcrowded conditions,PT_HH,Percentage of households,_T,Total,_T,Total,_T,Total,HSL_3,Housing,2010,,6.05386272072792,,A,Normal value,0,Units,2,Two,,
DATAFLOW,OECD.WISE.WDP:DSD_HSL@DF_HSL_CWB(1.0),Current well-being,I,NOR,Norway,3_1,Households living in overcrowded conditions,PT_HH,Percentage of households,_T,Total,_T,Total,_T,Total,HSL_3,Housing,2020,,7.00541362166405,,A,Normal value,0,Units,2,Two,,
DATAFLOW,OECD.WISE.WDP:DSD_HSL@DF_HSL_CWB(1.0),Current well-being,I,NOR,Norway,3_1,Households living in overcrowded conditions,PT_HH,Percentage of households,_T,Total,_T,Total,_T,Total,HSL_3,Housing,2019,,7.34086930751801,,A,Normal value,0,Units,2,Two,,
DATAFLOW,OECD.WISE.WDP:DSD_HSL@DF_HSL_CWB(1.0),Current well-being,I,USA,United States,3_1,Households living in overcrowded conditions,PT_HH,Percentage of households,_T,Total,_T,Total,_T,Total,HSL_3,Housing,2010,,3.73374372720718,,A,Normal value,0,Units,2,Two,,
DATAFLOW,OECD.WISE.WDP:DSD_HSL@DF_HSL_CWB(1.0),Current well-being,I,USA,United States,3_1,Households living in overcrowded conditions,PT_HH,Percentage of households,_T,Total,_T,Total,_T,Total,HSL_3,Housing,2020,,4.20064702630043,,A,Normal value,0,Units,2,Two,,
DATAFLOW,OECD.WISE.WDP:DSD_HSL@DF_HSL_CWB(1.0),Current well-being,I,USA,United States,3_1,Households living in overcrowded conditions,PT_HH,Percentage of households,_T,Total,_T,Total,_T,Total,HSL_3,Housing,2019,,4.23656515777111,,A,Normal value,0,Units,2,Two,,
DATAFLOW,OECD.WISE.WDP:DSD_HSL@DF_HSL_CWB(1.0),Current well-being,I,SVN,Slovenia,3_1,Households living in overcrowded conditions,PT_HH,Percentage of households,_T,Total,_T,Total,_T,Total,HSL_3,Housing,2019,,8.6800217628479,,A,Normal value,0,Units,2,Two,,
DATAFLOW,OECD.WISE.WDP:DSD_HSL@DF_HSL_CWB(1.0),Current well-being,I,SVN,Slovenia,3_1,Households living in overcrowded conditions,PT_HH,Percentage of households,_T,Total,_T,Total,_T,Total,HSL_3,Housing,2018,,9.41321328282356,,A,Normal value,0,Units,2,Two,,
DATAFLOW,OECD.WISE.WDP:DSD_HSL@DF_HSL_CWB(1.0),Current well-being,I,SVN,Slovenia,3_1,Households living in overcrowded conditions,PT_HH,Percentage of households,_T,Total,_T,Total,_T,Total,HSL_3,Housing,2017,,9.583680331707,,A,Normal value,0,Units,2,Two,,
DATAFLOW,OECD.WISE.WDP:DSD_HSL@DF_HSL_CWB(1.0),Current well-being,I,SVN,Slovenia,3_1,Households living in overcrowded conditions,PT_HH,Percentage of households,_T,Total,_T,Total,_T,Total,HSL_3,Housing,2016,,9.3870721757412,,A,Normal value,0,Units,2,Two,,
DATAFLOW,OECD.WISE.WDP:DSD_HSL@DF_HSL_CWB(1.0),Current well-being,I,SVN,Slovenia,3_1,Households living in overcrowded conditions,PT_HH,Percentage of households,_T,Total,_T,Total,_T,Total,HSL_3,Housing,2015,,10.9628602862358,,A,Normal value,0,Units,2,Two,,
DATAFLOW,OECD.WISE.WDP:DSD_HSL@DF_HSL_CWB(1.0),Current well-being,I,SVN,Slovenia,3_1,Households living in overcrowded conditions,PT_HH,Percentage of households,_T,Total,_T,Total,_T,Total,HSL_3,Housing,2014,,11.7046505212784,,A,Normal value,0,Units,2,Two,,
DATAFLOW,OECD.WISE.WDP:DSD_HSL@DF_HSL_CWB(1.0),Current well-being,I,CZE,Czechia,3_1,Households living in overcrowded conditions,PT_HH,Percentage of households,_T,Total,_T,Total,_T,Total,HSL_3,Housing,2014,,15.2037367224693,,A,Normal value,0,Units,2,Two,,
DATAFLOW,OECD.WISE.WDP:DSD_HSL@DF_HSL_CWB(1.0),Current well-being,I,CZE,Czechia,3_1,Households living in overcrowded conditions,PT_HH,Percentage of households,_T,Total,_T,Total,_T,Total,HSL_3,Housing,2013,,15.6666770577431,,A,Normal value,0,Units,2,Two,,
DATAFLOW,OECD.WISE.WDP:DSD_HSL@DF_HSL_CWB(1.0),Current well-being,I,CZE,Czechia,3_1,Households living in overcrowded conditions,PT_HH,Percentage of households,_T,Total,_T,Total,_T,Total,HSL_3,Housing,2012,,15.5068978667259,,A,Normal value,0,Units,2,Two,,
DATAFLOW,OECD.WISE.WDP:DSD_HSL@DF_HSL_CWB(1.0),Current well-being,I,CZE,Czechia,3_1,Households living in overcrowded conditions,PT_HH,Percentage of households,_T,Total,_T,Total,_T,Total,HSL_3,Housing,2011,,16.0967275500298,,A,Normal value,0,Units,2,Two,,
DATAFLOW,OECD.WISE.WDP:DSD_HSL@DF_HSL_CWB(1.0),Current well-being,I,CZE,Czechia,3_1,Households living in overcrowded conditions,PT_HH,Percentage of households,_T,Total,_T,Total,_T,Total,HSL_3,Housing,2010,,17.2096505761147,,A,Normal value,0,Units,2,Two,,
DATAFLOW,OECD.WISE.WDP:DSD_HSL@DF_HSL_CWB(1.0),Current well-being,I,CZE,Czechia,3_1,Households living in overcrowded conditions,PT_HH,Percentage of households,_T,Total,_T,Total,_T,Total,HSL_3,Housing,2020,,11.1464396119118,,A,Normal value,0,Units,2,Two,,
DATAFLOW,OECD.WISE.WDP:DSD_HSL@DF_HSL_CWB(1.0),Current well-being,I,CZE,Czechia,3_1,Households living in overcrowded conditions,PT_HH,Percentage of households,_T,Total,_T,Total,_T,Total,HSL_3,Housing,2019,,11.6084307432175,,A,Normal value,0,Units,2,Two,,
DATAFLOW,OECD.WISE.WDP:DSD_HSL@DF_HSL_CWB(1.0),Current well-being,I,DNK,Denmark,3_1,Households living in overcrowded conditions,PT_HH,Percentage of households,_T,Total,_T,Total,_T,Total,HSL_3,Housing,2015,,8.22071507573128,,A,Normal value,0,Units,2,Two,,
DATAFLOW,OECD.WISE.WDP:DSD_HSL@DF_HSL_CWB(1.0),Current well-being,I,DNK,Denmark,3_1,Households living in overcrowded conditions,PT_HH,Percentage of households,_T,Total,_T,Total,_T,Total,HSL_3,Housing,2014,,7.42699354887009,,A,Normal value,0,Units,2,Two,,
DATAFLOW,OECD.WISE.WDP:DSD_HSL@DF_HSL_CWB(1.0),Current well-being,I,DNK,Denmark,3_1,Households living in overcrowded conditions,PT_HH,Percentage of households,_T,Total,_T,Total,_T,Total,HSL_3,Housing,2013,,7.5532428920269,,A,Normal value,0,Units,2,Two,,
DATAFLOW,OECD.WISE.WDP:DSD_HSL@DF_HSL_CWB(1.0),Current well-being,I,DNK,Denmark,3_1,Households living in overcrowded conditions,PT_HH,Percentage of households,_T,Total,_T,Total,_T,Total,HSL_3,Housing,2012,,7.09000900387764,,A,Normal value,0,Units,2,Two,,
DATAFLOW,OECD.WISE.WDP:DSD_HSL@DF_HSL_CWB(1.0),Current well-being,I,DNK,Denmark,3_1,Households living in overcrowded conditions,PT_HH,Percentage of households,_T,Total,_T,Total,_T,Total,HSL_3,Housing,2011,,7.3298379778862,,A,Normal value,0,Units,2,Two,,
DATAFLOW,OECD.WISE.WDP:DSD_HSL@DF_HSL_CWB(1.0),Current well-being,I,DNK,Denmark,3_1,Households living in overcrowded conditions,PT_HH,Percentage of households,_T,Total,_T,Total,_T,Total,HSL_3,Housing,2010,,7.14356750249863,,A,Normal value,0,Units,2,Two,,
DATAFLOW,OECD.WISE.WDP:DSD_HSL@DF_HSL_CWB(1.0),Current well-being,I,DNK,Denmark,3_1,Households living in overcrowded conditions,PT_HH,Percentage of households,_T,Total,_T,Total,_T,Total,HSL_3,Housing,2020,,8.48964527249336,,A,Normal value,0,Units,2,Two,,
DATAFLOW,OECD.WISE.WDP:DSD_HSL@DF_HSL_CWB(1.0),Current well-being,I,DNK,Denmark,3_1,Households living in overcrowded conditions,PT_HH,Percentage of households,_T,Total,_T,Total,_T,Total,HSL_3,Housing,2019,,9.10733416676521,,A,Normal value,0,Units,2,Two,,
DATAFLOW,OECD.WISE.WDP:DSD_HSL@DF_HSL_CWB(1.0),Current well-being,I,DNK,Denmark,3_1,Households living in overcrowded conditions,PT_HH,Percentage of households,_T,Total,_T,Total,_T,Total,HSL_3,Housing,2018,,8.78312662243843,,A,Normal value,0,Units,2,Two,,
DATAFLOW,OECD.WISE.WDP:DSD_HSL@DF_HSL_CWB(1.0),Current well-being,I,DNK,Denmark,3_1,Households living in overcrowded conditions,PT_HH,Percentage of households,_T,Total,_T,Total,_T,Total,HSL_3,Housing,2017,,7.75213614106178,,A,Normal value,0,Units,2,Two,,
DATAFLOW,OECD.WISE.WDP:DSD_HSL@DF_HSL_CWB(1.0),Current well-being,I,HUN,Hungary,3_1,Households living in overcrowded conditions,PT_HH,Percentage of households,_T,Total,_T,Total,_T,Total,HSL_3,Housing,2017,,26.8814921379089,,A,Normal value,0,Units,2,Two,,
DATAFLOW,OECD.WISE.WDP:DSD_HSL@DF_HSL_CWB(1.0),Current well-being,I,HUN,Hungary,3_1,Households living in overcrowded conditions,PT_HH,Percentage of households,_T,Total,_T,Total,_T,Total,HSL_3,Housing,2016,,27.2100448608398,,A,Normal value,0,Units,2,Two,,
DATAFLOW,OECD.WISE.WDP:DSD_HSL@DF_HSL_CWB(1.0),Current well-being,I,HUN,Hungary,3_1,Households living in overcrowded conditions,PT_HH,Percentage of households,_T,Total,_T,Total,_T,Total,HSL_3,Housing,2015,,27.8641015291214,,A,Normal value,0,Units,2,Two,,
DATAFLOW,OECD.WISE.WDP:DSD_HSL@DF_HSL_CWB(1.0),Current well-being,I,HUN,Hungary,3_1,Households living in overcrowded conditions,PT_HH,Percentage of households,_T,Total,_T,Total,_T,Total,HSL_3,Housing,2014,,29.5991867780685,,A,Normal value,0,Units,2,Two,,
DATAFLOW,OECD.WISE.WDP:DSD_HSL@DF_HSL_CWB(1.0),Current well-being,I,HUN,Hungary,3_1,Households living in overcrowded conditions,PT_HH,Percentage of households,_T,Total,_T,Total,_T,Total,HSL_3,Housing,2013,,33.3227455615997,,A,Normal value,0,Units,2,Two,,
DATAFLOW,OECD.WISE.WDP:DSD_HSL@DF_HSL_CWB(1.0),Current well-being,I,HUN,Hungary,3_1,Households living in overcrowded conditions,PT_HH,Percentage of households,_T,Total,_T,Total,_T,Total,HSL_3,Housing,2012,,35.1257860660553,,A,Normal value,0,Units,2,Two,,
DATAFLOW,OECD.WISE.WDP:DSD_HSL@DF_HSL_CWB(1.0),Current well-being,I,HUN,Hungary,3_1,Households living in overcrowded conditions,PT_HH,Percentage of households,_T,Total,_T,Total,_T,Total,HSL_3,Housing,2011,,35.5219781398773,,A,Normal value,0,Units,2,Two,,
DATAFLOW,OECD.WISE.WDP:DSD_HSL@DF_HSL_CWB(1.0),Current well-being,I,HUN,Hungary,3_1,Households living in overcrowded conditions,PT_HH,Percentage of households,_T,Total,_T,Total,_T,Total,HSL_3,Housing,2010,,35.3726327419281,,A,Normal value,0,Units,2,Two,,
DATAFLOW,OECD.WISE.WDP:DSD_HSL@DF_HSL_CWB(1.0),Current well-being,I,HUN,Hungary,3_1,Households living in overcrowded conditions,PT_HH,Percentage of households,_T,Total,_T,Total,_T,Total,HSL_3,Housing,2020,,10.9211780130863,,A,Normal value,0,Units,2,Two,,
DATAFLOW,OECD.WISE.WDP:DSD_HSL@DF_HSL_CWB(1.0),Current well-being,I,HUN,Hungary,3_1,Households living in overcrowded conditions,PT_HH,Percentage of households,_T,Total,_T,Total,_T,Total,HSL_3,Housing,2019,,11.2888976931572,,A,Normal value,0,Units,2,Two,,
DATAFLOW,OECD.WISE.WDP:DSD_HSL@DF_HSL_CWB(1.0),Current well-being,I,ITA,Italy,3_1,Households living in overcrowded conditions,PT_HH,Percentage of households,_T,Total,_T,Total,_T,Total,HSL_3,Housing,2017,,18.6089143157005,,A,Normal value,0,Units,2,Two,,
DATAFLOW,OECD.WISE.WDP:DSD_HSL@DF_HSL_CWB(1.0),Current well-being,I,ITA,Italy,3_1,Households living in overcrowded conditions,PT_HH,Percentage of households,_T,Total,_T,Total,_T,Total,HSL_3,Housing,2016,,18.7346443533897,,A,Normal value,0,Units,2,Two,,
DATAFLOW,OECD.WISE.WDP:DSD_HSL@DF_HSL_CWB(1.0),Current well-being,I,ITA,Italy,3_1,Households living in overcrowded conditions,PT_HH,Percentage of households,_T,Total,_T,Total,_T,Total,HSL_3,Housing,2015,,18.9530804753304,,A,Normal value,0,Units,2,Two,,
DATAFLOW,OECD.WISE.WDP:DSD_HSL@DF_HSL_CWB(1.0),Current well-being,I,ITA,Italy,3_1,Households living in overcrowded conditions,PT_HH,Percentage of households,_T,Total,_T,Total,_T,Total,HSL_3,Housing,2014,,18.5783505439758,,A,Normal value,0,Units,2,Two,,
DATAFLOW,OECD.WISE.WDP:DSD_HSL@DF_HSL_CWB(1.0),Current well-being,I,ITA,Italy,3_1,Households living in overcrowded conditions,PT_HH,Percentage of households,_T,Total,_T,Total,_T,Total,HSL_3,Housing,2013,,18.5446530580521,,A,Normal value,0,Units,2,Two,,
DATAFLOW,OECD.WISE.WDP:DSD_HSL@DF_HSL_CWB(1.0),Current well-being,I,ITA,Italy,3_1,Households living in overcrowded conditions,PT_HH,Percentage of households,_T,Total,_T,Total,_T,Total,HSL_3,Housing,2012,,17.4680918455124,,A,Normal value,0,Units,2,Two,,
DATAFLOW,OECD.WISE.WDP:DSD_HSL@DF_HSL_CWB(1.0),Current well-being,I,ITA,Italy,3_1,Households living in overcrowded conditions,PT_HH,Percentage of households,_T,Total,_T,Total,_T,Total,HSL_3,Housing,2011,,16.7214170098305,,A,Normal value,0,Units,2,Two,,
DATAFLOW,OECD.WISE.WDP:DSD_HSL@DF_HSL_CWB(1.0),Current well-being,I,ITA,Italy,3_1,Households living in overcrowded conditions,PT_HH,Percentage of households,_T,Total,_T,Total,_T,Total,HSL_3,Housing,2010,,15.2255520224571,,A,Normal value,0,Units,2,Two,,
DATAFLOW,OECD.WISE.WDP:DSD_HSL@DF_HSL_CWB(1.0),Current well-being,I,ITA,Italy,3_1,Households living in overcrowded conditions,PT_HH,Percentage of households,_T,Total,_T,Total,_T,Total,HSL_3,Housing,2020,,17.9401427507401,,A,Normal value,0,Units,2,Two,,
DATAFLOW,OECD.WISE.WDP:DSD_HSL@DF_HSL_CWB(1.0),Current well-being,I,ITA,Italy,3_1,Households living in overcrowded conditions,PT_HH,Percentage of households,_T,Total,_T,Total,_T,Total,HSL_3,Housing,2019,,19.4402769207954,,A,Normal value,0,Units,2,Two,,
DATAFLOW,OECD.WISE.WDP:DSD_HSL@DF_HSL_CWB(1.0),Current well-being,I,KOR,Korea,3_1,Households living in overcrowded conditions,PT_HH,Percentage of households,_T,Total,_T,Total,_T,Total,HSL_3,Housing,2010,,11.6814434528351,,A,Normal value,0,Units,2,Two,,
DATAFLOW,OECD.WISE.WDP:DSD_HSL@DF_HSL_CWB(1.0),Current well-being,I,KOR,Korea,3_1,Households living in overcrowded conditions,PT_HH,Percentage of households,_T,Total,_T,Total,_T,Total,HSL_3,Housing,2020,,4.70330379903316,,A,Normal value,0,Units,2,Two,,
DATAFLOW,OECD.WISE.WDP:DSD_HSL@DF_HSL_CWB(1.0),Current well-being,I,KOR,Korea,3_1,Households living in overcrowded conditions,PT_HH,Percentage of households,_T,Total,_T,Total,_T,Total,HSL_3,Housing,2019,,5.22164106369019,,A,Normal value,0,Units,2,Two,,
DATAFLOW,OECD.WISE.WDP:DSD_HSL@DF_HSL_CWB(1.0),Current well-being,I,KOR,Korea,3_1,Households living in overcrowded conditions,PT_HH,Percentage of households,_T,Total,_T,Total,_T,Total,HSL_3,Housing,2018,,6.43194690346718,,A,Normal value,0,Units,2,Two,,
DATAFLOW,OECD.WISE.WDP:DSD_HSL@DF_HSL_CWB(1.0),Current well-being,I,KOR,Korea,3_1,Households living in overcrowded conditions,PT_HH,Percentage of households,_T,Total,_T,Total,_T,Total,HSL_3,Housing,2017,,7.74641558527946,,A,Normal value,0,Units,2,Two,,
DATAFLOW,OECD.WISE.WDP:DSD_HSL@DF_HSL_CWB(1.0),Current well-being,I,LVA,Latvia,3_1,Households living in overcrowded conditions,PT_HH,Percentage of households,_T,Total,_T,Total,_T,Total,HSL_3,Housing,2017,,32.6821327209473,,A,Normal value,0,Units,2,Two,,
DATAFLOW,OECD.WISE.WDP:DSD_HSL@DF_HSL_CWB(1.0),Current well-being,I,LVA,Latvia,3_1,Households living in overcrowded conditions,PT_HH,Percentage of households,_T,Total,_T,Total,_T,Total,HSL_3,Housing,2016,,33.7536126375198,,A,Normal value,0,Units,2,Two,,
DATAFLOW,OECD.WISE.WDP:DSD_HSL@DF_HSL_CWB(1.0),Current well-being,I,LVA,Latvia,3_1,Households living in overcrowded conditions,PT_HH,Percentage of households,_T,Total,_T,Total,_T,Total,HSL_3,Housing,2015,,32.4794262647629,,A,Normal value,0,Units,2,Two,,
DATAFLOW,OECD.WISE.WDP:DSD_HSL@DF_HSL_CWB(1.0),Current well-being,I,LVA,Latvia,3_1,Households living in overcrowded conditions,PT_HH,Percentage of households,_T,Total,_T,Total,_T,Total,HSL_3,Housing,2014,,31.0987293720245,,A,Normal value,0,Units,2,Two,,
DATAFLOW,OECD.WISE.WDP:DSD_HSL@DF_HSL_CWB(1.0),Current well-being,I,LVA,Latvia,3_1,Households living in overcrowded conditions,PT_HH,Percentage of households,_T,Total,_T,Total,_T,Total,HSL_3,Housing,2013,,29.1428595781326,,A,Normal value,0,Units,2,Two,,
DATAFLOW,OECD.WISE.WDP:DSD_HSL@DF_HSL_CWB(1.0),Current well-being,I,LVA,Latvia,3_1,Households living in overcrowded conditions,PT_HH,Percentage of households,_T,Total,_T,Total,_T,Total,HSL_3,Housing,2012,,27.6164889335632,,A,Normal value,0,Units,2,Two,,
DATAFLOW,OECD.WISE.WDP:DSD_HSL@DF_HSL_CWB(1.0),Current well-being,I,LVA,Latvia,3_1,Households living in overcrowded conditions,PT_HH,Percentage of households,_T,Total,_T,Total,_T,Total,HSL_3,Housing,2011,,34.0795755386353,,A,Normal value,0,Units,2,Two,,
DATAFLOW,OECD.WISE.WDP:DSD_HSL@DF_HSL_CWB(1.0),Current well-being,I,LVA,Latvia,3_1,Households living in overcrowded conditions,PT_HH,Percentage of households,_T,Total,_T,Total,_T,Total,HSL_3,Housing,2010,,46.8481928110123,,A,Normal value,0,Units,2,Two,,
DATAFLOW,OECD.WISE.WDP:DSD_HSL@DF_HSL_CWB(1.0),Current well-being,I,LVA,Latvia,3_1,Households living in overcrowded conditions,PT_HH,Percentage of households,_T,Total,_T,Total,_T,Total,HSL_3,Housing,2020,,33.9861363172531,,A,Normal value,0,Units,2,Two,,
DATAFLOW,OECD.WISE.WDP:DSD_HSL@DF_HSL_CWB(1.0),Current well-being,I,LVA,Latvia,3_1,Households living in overcrowded conditions,PT_HH,Percentage of households,_T,Total,_T,Total,_T,Total,HSL_3,Housing,2019,,33.1455767154694,,A,Normal value,0,Units,2,Two,,
DATAFLOW,OECD.WISE.WDP:DSD_HSL@DF_HSL_CWB(1.0),Current well-being,I,NLD,Netherlands,3_1,Households living in overcrowded conditions,PT_HH,Percentage of households,_T,Total,_T,Total,_T,Total,HSL_3,Housing,2018,,4.27853353321552,,A,Normal value,0,Units,2,Two,,
DATAFLOW,OECD.WISE.WDP:DSD_HSL@DF_HSL_CWB(1.0),Current well-being,I,NZL,New Zealand,3_1,Households living in overcrowded conditions,PT_HH,Percentage of households,_T,Total,_T,Total,_T,Total,HSL_3,Housing,2020,,0.7,,A,Normal value,0,Units,2,Two,,
DATAFLOW,OECD.WISE.WDP:DSD_HSL@DF_HSL_CWB(1.0),Current well-being,I,ISL,Iceland,3_1,Households living in overcrowded conditions,PT_HH,Percentage of households,_T,Total,_T,Total,_T,Total,HSL_3,Housing,2010,,7.19086602330208,,A,Normal value,0,Units,2,Two,,
DATAFLOW,OECD.WISE.WDP:DSD_HSL@DF_HSL_CWB(1.0),Current well-being,I,COL,Colombia,3_1,Households living in overcrowded conditions,PT_HH,Percentage of households,_T,Total,_T,Total,_T,Total,HSL_3,Housing,2018,,34.4240188598633,,A,Normal value,0,Units,2,Two,,
DATAFLOW,OECD.WISE.WDP:DSD_HSL@DF_HSL_CWB(1.0),Current well-being,I,SVK,Slovak Republic,3_1,Households living in overcrowded conditions,PT_HH,Percentage of households,_T,Total,_T,Total,_T,Total,HSL_3,Housing,2018,,25.7545500993729,,A,Normal value,0,Units,2,Two,,
DATAFLOW,OECD.WISE.WDP:DSD_HSL@DF_HSL_CWB(1.0),Current well-being,I,JPN,Japan,3_1,Households living in overcrowded conditions,PT_HH,Percentage of households,_T,Total,_T,Total,_T,Total,HSL_3,Housing,2012,,1.48746278136969,,A,Normal value,0,Units,2,Two,,
DATAFLOW,OECD.WISE.WDP:DSD_HSL@DF_HSL_CWB(1.0),Current well-being,I,USA,United States,3_1,Households living in overcrowded conditions,PT_HH,Percentage of households,_T,Total,_T,Total,_T,Total,HSL_3,Housing,2018,,4.18898798525333,,A,Normal value,0,Units,2,Two,,
DATAFLOW,OECD.WISE.WDP:DSD_HSL@DF_HSL_CWB(1.0),Current well-being,I,SVN,Slovenia,3_1,Households living in overcrowded conditions,PT_HH,Percentage of households,_T,Total,_T,Total,_T,Total,HSL_3,Housing,2020,,8.60554948449135,,A,Normal value,0,Units,2,Two,,
DATAFLOW,OECD.WISE.WDP:DSD_HSL@DF_HSL_CWB(1.0),Current well-being,I,BEL,Belgium,3_1,Households living in overcrowded conditions,PT_HH,Percentage of households,_T,Total,_T,Total,_T,Total,HSL_3,Housing,2018,,4.54625263810158,,A,Normal value,0,Units,2,Two,,
DATAFLOW,OECD.WISE.WDP:DSD_HSL@DF_HSL_CWB(1.0),Current well-being,I,FRA,France,3_1,Households living in overcrowded conditions,PT_HH,Percentage of households,_T,Total,_T,Total,_T,Total,HSL_3,Housing,2020,,7.61417075991631,,A,Normal value,0,Units,2,Two,,
DATAFLOW,OECD.WISE.WDP:DSD_HSL@DF_HSL_CWB(1.0),Current well-being,I,CHL,Chile,3_1,Households living in overcrowded conditions,PT_HH,Percentage of households,_T,Total,_T,Total,_T,Total,HSL_3,Housing,2011,,9.82161909341812,,A,Normal value,0,Units,2,Two,,
DATAFLOW,OECD.WISE.WDP:DSD_HSL@DF_HSL_CWB(1.0),Current well-being,I,CRI,Costa Rica,3_1,Households living in overcrowded conditions,PT_HH,Percentage of households,_T,Total,_T,Total,_T,Total,HSL_3,Housing,2018,,9.505345672369,,A,Normal value,0,Units,2,Two,,
DATAFLOW,OECD.WISE.WDP:DSD_HSL@DF_HSL_CWB(1.0),Current well-being,I,SWE,Sweden,3_1,Households living in overcrowded conditions,PT_HH,Percentage of households,_T,Total,_T,Total,_T,Total,HSL_3,Housing,2018,,14.502027630806,,A,Normal value,0,Units,2,Two,,
DATAFLOW,OECD.WISE.WDP:DSD_HSL@DF_HSL_CWB(1.0),Current well-being,I,FIN,Finland,3_1,Households living in overcrowded conditions,PT_HH,Percentage of households,_T,Total,_T,Total,_T,Total,HSL_3,Housing,2018,,8.85026007890701,,A,Normal value,0,Units,2,Two,,
DATAFLOW,OECD.WISE.WDP:DSD_HSL@DF_HSL_CWB(1.0),Current well-being,I,POL,Poland,3_1,Households living in overcrowded conditions,PT_HH,Percentage of households,_T,Total,_T,Total,_T,Total,HSL_3,Housing,2018,,30.6500613689423,,A,Normal value,0,Units,2,Two,,
DATAFLOW,OECD.WISE.WDP:DSD_HSL@DF_HSL_CWB(1.0),Current well-being,I,PRT,Portugal,3_1,Households living in overcrowded conditions,PT_HH,Percentage of households,_T,Total,_T,Total,_T,Total,HSL_3,Housing,2018,,5.13937436044216,,A,Normal value,0,Units,2,Two,,
DATAFLOW,OECD.WISE.WDP:DSD_HSL@DF_HSL_CWB(1.0),Current well-being,I,LUX,Luxembourg,3_1,Households living in overcrowded conditions,PT_HH,Percentage of households,_T,Total,_T,Total,_T,Total,HSL_3,Housing,2018,,8.08318629860878,,A,Normal value,0,Units,2,Two,,
DATAFLOW,OECD.WISE.WDP:DSD_HSL@DF_HSL_CWB(1.0),Current well-being,I,TUR,Türkiye,3_1,Households living in overcrowded conditions,PT_HH,Percentage of households,_T,Total,_T,Total,_T,Total,HSL_3,Housing,2018,,25.5431473255157,,A,Normal value,0,Units,2,Two,,
DATAFLOW,OECD.WISE.WDP:DSD_HSL@DF_HSL_CWB(1.0),Current well-being,I,GBR,United Kingdom,3_1,Households living in overcrowded conditions,PT_HH,Percentage of households,_T,Total,_T,Total,_T,Total,HSL_3,Housing,2018,,0.865007378160954,,A,Normal value,0,Units,2,Two,,
DATAFLOW,OECD.WISE.WDP:DSD_HSL@DF_HSL_CWB(1.0),Current well-being,I,GRC,Greece,3_1,Households living in overcrowded conditions,PT_HH,Percentage of households,_T,Total,_T,Total,_T,Total,HSL_3,Housing,2014,,18.6581268906593,,A,Normal value,0,Units,2,Two,,
DATAFLOW,OECD.WISE.WDP:DSD_HSL@DF_HSL_CWB(1.0),Current well-being,I,LTU,Lithuania,3_1,Households living in overcrowded conditions,PT_HH,Percentage of households,_T,Total,_T,Total,_T,Total,HSL_3,Housing,2018,,15.0903269648552,,A,Normal value,0,Units,2,Two,,
DATAFLOW,OECD.WISE.WDP:DSD_HSL@DF_HSL_CWB(1.0),Current well-being,I,ESP,Spain,3_1,Households living in overcrowded conditions,PT_HH,Percentage of households,_T,Total,_T,Total,_T,Total,HSL_3,Housing,2016,,3.04321832954884,,A,Normal value,0,Units,2,Two,,
DATAFLOW,OECD.WISE.WDP:DSD_HSL@DF_HSL_CWB(1.0),Current well-being,I,MEX,Mexico,3_1,Households living in overcrowded conditions,PT_HH,Percentage of households,_T,Total,_T,Total,_T,Total,HSL_3,Housing,2012,,35.0465834140778,,A,Normal value,0,Units,2,Two,,
DATAFLOW,OECD.WISE.WDP:DSD_HSL@DF_HSL_CWB(1.0),Current well-being,I,EST,Estonia,3_1,Households living in overcrowded conditions,PT_HH,Percentage of households,_T,Total,_T,Total,_T,Total,HSL_3,Housing,2019,,9.94999706745148,,A,Normal value,0,Units,2,Two,,
DATAFLOW,OECD.WISE.WDP:DSD_HSL@DF_HSL_CWB(1.0),Current well-being,I,AUT,Austria,3_1,Households living in overcrowded conditions,PT_HH,Percentage of households,_T,Total,_T,Total,_T,Total,HSL_3,Housing,2019,,12.3769402503967,,A,Normal value,0,Units,2,Two,,
DATAFLOW,OECD.WISE.WDP:DSD_HSL@DF_HSL_CWB(1.0),Current well-being,I,CHE,Switzerland,3_1,Households living in overcrowded conditions,PT_HH,Percentage of households,_T,Total,_T,Total,_T,Total,HSL_3,Housing,2019,,5.05444034934044,,A,Normal value,0,Units,2,Two,,
DATAFLOW,OECD.WISE.WDP:DSD_HSL@DF_HSL_CWB(1.0),Current well-being,I,IRL,Ireland,3_1,Households living in overcrowded conditions,PT_HH,Percentage of households,_T,Total,_T,Total,_T,Total,HSL_3,Housing,2018,,1.82755161076784,,A,Normal value,0,Units,2,Two,,
DATAFLOW,OECD.WISE.WDP:DSD_HSL@DF_HSL_CWB(1.0),Current well-being,I,DEU,Germany,3_1,Households living in overcrowded conditions,PT_HH,Percentage of households,_T,Total,_T,Total,_T,Total,HSL_3,Housing,2012,,5.68085573613644,,A,Normal value,0,Units,2,Two,,
DATAFLOW,OECD.WISE.WDP:DSD_HSL@DF_HSL_CWB(1.0),Current well-being,I,NOR,Norway,3_1,Households living in overcrowded conditions,PT_HH,Percentage of households,_T,Total,_T,Total,_T,Total,HSL_3,Housing,2018,,7.36623555421829,,A,Normal value,0,Units,2,Two,,
DATAFLOW,OECD.WISE.WDP:DSD_HSL@DF_HSL_CWB(1.0),Current well-being,I,CZE,Czechia,3_1,Households living in overcrowded conditions,PT_HH,Percentage of households,_T,Total,_T,Total,_T,Total,HSL_3,Housing,2018,,12.2350238263607,,A,Normal value,0,Units,2,Two,,
DATAFLOW,OECD.WISE.WDP:DSD_HSL@DF_HSL_CWB(1.0),Current well-being,I,DNK,Denmark,3_1,Households living in overcrowded conditions,PT_HH,Percentage of households,_T,Total,_T,Total,_T,Total,HSL_3,Housing,2016,,7.76178389787674,,A,Normal value,0,Units,2,Two,,
DATAFLOW,OECD.WISE.WDP:DSD_HSL@DF_HSL_CWB(1.0),Current well-being,I,HUN,Hungary,3_1,Households living in overcrowded conditions,PT_HH,Percentage of households,_T,Total,_T,Total,_T,Total,HSL_3,Housing,2018,,12.5504732131958,,A,Normal value,0,Units,2,Two,,
DATAFLOW,OECD.WISE.WDP:DSD_HSL@DF_HSL_CWB(1.0),Current well-being,I,ITA,Italy,3_1,Households living in overcrowded conditions,PT_HH,Percentage of households,_T,Total,_T,Total,_T,Total,HSL_3,Housing,2018,,18.9316064119339,,A,Normal value,0,Units,2,Two,,
DATAFLOW,OECD.WISE.WDP:DSD_HSL@DF_HSL_CWB(1.0),Current well-being,I,KOR,Korea,3_1,Households living in overcrowded conditions,PT_HH,Percentage of households,_T,Total,_T,Total,_T,Total,HSL_3,Housing,2014,,5.75216189026833,,A,Normal value,0,Units,2,Two,,
DATAFLOW,OECD.WISE.WDP:DSD_HSL@DF_HSL_CWB(1.0),Current well-being,I,LVA,Latvia,3_1,Households living in overcrowded conditions,PT_HH,Percentage of households,_T,Total,_T,Total,_T,Total,HSL_3,Housing,2018,,34.2069059610367,,A,Normal value,0,Units,2,Two,,
DATAFLOW,OECD.WISE.WDP:DSD_HSL@DF_HSL_CWB(1.0),Current well-being,I,POL,Poland,3_1,Households living in overcrowded conditions,PT_HH,Percentage of households,_T,Total,_T,Total,_T,Total,HSL_3,Housing,2015,,33.2670390605927,,A,Normal value,0,Units,2,Two,,
DATAFLOW,OECD.WISE.WDP:DSD_HSL@DF_HSL_CWB(1.0),Current well-being,I,POL,Poland,3_1,Households living in overcrowded conditions,PT_HH,Percentage of households,_T,Total,_T,Total,_T,Total,HSL_3,Housing,2014,,35.3622019290924,,A,Normal value,0,Units,2,Two,,
DATAFLOW,OECD.WISE.WDP:DSD_HSL@DF_HSL_CWB(1.0),Current well-being,I,POL,Poland,3_1,Households living in overcrowded conditions,PT_HH,Percentage of households,_T,Total,_T,Total,_T,Total,HSL_3,Housing,2013,,35.7118487358093,,A,Normal value,0,Units,2,Two,,
DATAFLOW,OECD.WISE.WDP:DSD_HSL@DF_HSL_CWB(1.0),Current well-being,I,POL,Poland,3_1,Households living in overcrowded conditions,PT_HH,Percentage of households,_T,Total,_T,Total,_T,Total,HSL_3,Housing,2012,,37.0480507612228,,A,Normal value,0,Units,2,Two,,
DATAFLOW,OECD.WISE.WDP:DSD_HSL@DF_HSL_CWB(1.0),Current well-being,I,POL,Poland,3_1,Households living in overcrowded conditions,PT_HH,Percentage of households,_T,Total,_T,Total,_T,Total,HSL_3,Housing,2011,,38.3629977703094,,A,Normal value,0,Units,2,Two,,
DATAFLOW,OECD.WISE.WDP:DSD_HSL@DF_HSL_CWB(1.0),Current well-being,I,POL,Poland,3_1,Households living in overcrowded conditions,PT_HH,Percentage of households,_T,Total,_T,Total,_T,Total,HSL_3,Housing,2010,,38.3512228727341,,A,Normal value,0,Units,2,Two,,
DATAFLOW,OECD.WISE.WDP:DSD_HSL@DF_HSL_CWB(1.0),Current well-being,I,POL,Poland,3_1,Households living in overcrowded conditions,PT_HH,Percentage of households,_T,Total,_T,Total,_T,Total,HSL_3,Housing,2020,,28.4197270870209,,A,Normal value,0,Units,2,Two,,
DATAFLOW,OECD.WISE.WDP:DSD_HSL@DF_HSL_CWB(1.0),Current well-being,I,POL,Poland,3_1,Households living in overcrowded conditions,PT_HH,Percentage of households,_T,Total,_T,Total,_T,Total,HSL_3,Housing,2019,,29.3557792901993,,A,Normal value,0,Units,2,Two,,
DATAFLOW,OECD.WISE.WDP:DSD_HSL@DF_HSL_CWB(1.0),Current well-being,I,PRT,Portugal,3_1,Households living in overcrowded conditions,PT_HH,Percentage of households,_T,Total,_T,Total,_T,Total,HSL_3,Housing,2017,,4.93813529610634,,A,Normal value,0,Units,2,Two,,
DATAFLOW,OECD.WISE.WDP:DSD_HSL@DF_HSL_CWB(1.0),Current well-being,I,PRT,Portugal,3_1,Households living in overcrowded conditions,PT_HH,Percentage of households,_T,Total,_T,Total,_T,Total,HSL_3,Housing,2016,,5.41521348059177,,A,Normal value,0,Units,2,Two,,
DATAFLOW,OECD.WISE.WDP:DSD_HSL@DF_HSL_CWB(1.0),Current well-being,I,PRT,Portugal,3_1,Households living in overcrowded conditions,PT_HH,Percentage of households,_T,Total,_T,Total,_T,Total,HSL_3,Housing,2015,,5.3651437163353,,A,Normal value,0,Units,2,Two,,
DATAFLOW,OECD.WISE.WDP:DSD_HSL@DF_HSL_CWB(1.0),Current well-being,I,PRT,Portugal,3_1,Households living in overcrowded conditions,PT_HH,Percentage of households,_T,Total,_T,Total,_T,Total,HSL_3,Housing,2014,,5.51965534687042,,A,Normal value,0,Units,2,Two,,
DATAFLOW,OECD.WISE.WDP:DSD_HSL@DF_HSL_CWB(1.0),Current well-being,I,PRT,Portugal,3_1,Households living in overcrowded conditions,PT_HH,Percentage of households,_T,Total,_T,Total,_T,Total,HSL_3,Housing,2013,,6.07500821352005,,A,Normal value,0,Units,2,Two,,
DATAFLOW,OECD.WISE.WDP:DSD_HSL@DF_HSL_CWB(1.0),Current well-being,I,PRT,Portugal,3_1,Households living in overcrowded conditions,PT_HH,Percentage of households,_T,Total,_T,Total,_T,Total,HSL_3,Housing,2012,,5.73588348925114,,A,Normal value,0,Units,2,Two,,
