"","Rate","lwrRate","uprRate","Country","iso3","cluster"
"1",-3.55768166680328,-4.84458601947324,-2.25337291491269,"Afghanistan","AFG",9
"2",0.399422479266787,-0.160613091448736,0.962599493957228,"Albania","ALB",4
"3",-1.01668221319471,-1.9560099802035,-0.0683550505707897,"Algeria","DZA",6
"4",-0.992960465842208,-2.27993377190608,0.310962279108207,"Angola","AGO",10
"5",1.20373743878153,0.366057295330857,2.0484090696099,"Argentina","ARG",3
"6",2.19168715501523,1.05092100948003,3.3453314355125,"Armenia","ARM",4
"7",-3.72874285942185,-5.17924760189932,-2.25604926107962,"Australia","AUS",1
"8",-0.596439340274435,-0.961001815652374,-0.230534910707847,"Austria","AUT",1
"9",0.498352657207191,-0.0142245661366558,1.01355760843282,"Azerbaijan","AZE",5
"10",-1.16612132977157,-2.07228593927694,-0.2515716138906,"Bahrain","BHR",3
"11",0.939883467174751,0.433096980951042,1.44922720345189,"Bangladesh","BGD",8
"12",1.28042477749246,0.358896695329025,2.2104146307014,"Belarus","BLR",3
"13",-1.72653163715676,-2.44987294491489,-0.997826700838567,"Belgium","BEL",1
"14",-0.0545963099820024,-1.23262282289379,1.13748085917669,"Benin","BEN",10
"15",1.09978022143522,0.453793038264494,1.74992154780151,"Bhutan","BTN",8
"16",1.08872488643983,0.428726042956851,1.75306111913962,"Bolivia","BOL",7
"17",-1.09037168629297,-1.76175317170003,-0.414401834200828,"Botswana","BWA",7
"18",1.83197128326662,0.880820030759155,2.79209043180102,"Brazil","BRA",4
"19",0.0501478303759573,-0.430659169512626,0.533276582816211,"Bulgaria","BGR",3
"20",-0.915956756683323,-2.01083027845935,0.191150239792948,"Burkina Faso","BFA",10
"21",-1.18914569442001,-1.86185010747129,-0.511830116110035,"Burundi","BDI",10
"22",-0.836043209250459,-1.86497208896387,0.203673812699656,"Cambodia","KHM",9
"23",-2.24289165659929,-3.22899060809182,-1.24674433268359,"Cameroon","CMR",9
"24",-0.336031495816969,-0.747565562747132,0.0772089301481538,"Canada","CAN",1
"25",0.288875070718797,-0.318228913463148,0.899676573951536,"Central African Republic","CAF",11
"26",-3.62332439670378,-5.01365233210069,-2.21264604447955,"Chad","TCD",11
"27",1.53287709495513,0.863165614851202,2.2070353268921,"Chile","CHL",3
"28",3.6606744725151,2.27821641812864,5.06181871775497,"China","CHN",5
"29",0.550451477666303,0.258603930266466,0.843148577998099,"Colombia","COL",4
"30",-0.178180076421619,-0.76413652735533,0.411236262403181,"Costa Rica","CRI",4
"31",0.0725865955751193,-0.936127962767985,1.09157235611625,"Croatia","HRV",2
"32",0.114764948274937,-0.377158806075661,0.60911775380692,"Cuba","CUB",6
"33",-2.15969587834247,-3.16302945156968,-1.14596670668354,"Cyprus","CYP",2
"34",-0.273263684357428,-0.637007005936319,0.0918112114827174,"Czechia","CZE",2
"35",-1.41770787277085,-2.15302754493523,-0.676862275718804,"Denmark","DNK",1
"36",3.46950533766706,1.47107291531776,5.50729609172562,"Djibouti","DJI",8
"37",1.8188553001909,0.948793534761938,2.69641599105677,"Dominican Republic","DOM",5
"38",-1.15759165144141,-1.74484793149634,-0.566825428841966,"Ecuador","ECU",6
"39",-0.54478042715379,-0.982787860137158,-0.104835447079343,"Egypt","EGY",6
"40",-0.98339090441445,-1.59338973037784,-0.369610842956247,"El Salvador","SLV",5
"41",-2.37734194734037,-4.4341795778029,-0.276235549871007,"Equatorial Guinea","GNQ",9
"42",-4.80297786609069,-6.63470605652891,-2.93531310841285,"Eritrea","ERI",10
"43",0.15009653877327,-0.619337769879191,0.925488034086053,"Estonia","EST",2
"44",1.68477776287295,0.806431165660393,2.57077756966664,"Ethiopia","ETH",11
"45",-0.642236686960229,-1.19090479885783,-0.0905219253954037,"Finland","FIN",1
"46",-1.34416910732598,-1.93416074242878,-0.750627916821134,"France","FRA",2
"47",0.0302902581291065,-0.482243503830382,0.545463658143097,"Gabon","GAB",7
"48",0.606527340149476,-0.384178707848315,1.60708622538548,"Georgia","GEO",4
"49",-0.771773238371376,-1.17656372654341,-0.365324688655499,"Germany","DEU",1
"50",0.0408290845084203,-0.654372574120088,0.740895631091032,"Ghana","GHA",8
"51",-2.57961354918276,-3.67779646588279,-1.4689100954281,"Greece","GRC",2
"52",-1.92670703607137,-2.78223591308074,-1.06364939447591,"Guatemala","GTM",7
"53",1.33827702388878,0.729676840393267,1.95055431819184,"Guinea","GIN",10
"54",1.07736046901317,0.522844664547351,1.6349351580383,"Haiti","HTI",10
"55",-1.16970526322675,-1.86268570845987,-0.471831450970694,"Honduras","HND",7
"56",-0.658437440505977,-1.24371598427739,-0.0696902468434457,"Hungary","HUN",2
"57",-2.24051280959046,-3.58630267818191,-0.875937743244815,"Iceland","ISL",1
"58",0.423236806096527,0.226386187876981,0.620474050706243,"India","IND",8
"59",0.884362328067478,-0.013900060199401,1.79069459123358,"Indonesia","IDN",7
"60",-0.556825879086331,-0.931249341653895,-0.180987309046543,"Iran","IRN",6
"61",1.11423884997275,0.27327480309991,1.96225582824252,"Iraq","IRQ",6
"62",1.50974948195093,0.646234086405917,2.38067358826501,"Ireland","IRL",2
"63",-1.42473784397904,-2.00864862703644,-0.837347653833231,"Israel","ISR",2
"64",-2.42847408579883,-3.36712716803346,-1.48070330290015,"Italy","ITA",2
"65",-0.175047999932354,-0.553582989596713,0.204927853492687,"Jamaica","JAM",5
"66",-2.1489391369273,-2.94217470238075,-1.34922060464072,"Japan","JPN",2
"67",-2.69493929681328,-4.01085687128856,-1.36098177525262,"Jordan","JOR",4
"68",0.791678798299067,0.182714313254051,1.40434489740584,"Kazakhstan","KAZ",4
"69",0.468884410179204,0.154815048700963,0.783938642567272,"Kenya","KEN",9
"70",-3.87233741530981,-5.83289484321771,-1.87096121717716,"Kuwait","KWT",3
"71",0.461860508857415,0.0802167040238055,0.844959666192868,"Kyrgyzstan","KGZ",6
"72",0.934925476128678,0.544546646266242,1.3268200085915,"Laos","LAO",9
"73",0.684618844403806,-0.192094568827939,1.56903331503799,"Latvia","LVA",2
"74",-0.849205225923477,-1.46607129855896,-0.228477298223628,"Lebanon","LBN",6
"75",0.277320654285496,-0.605340057370862,1.16781971392099,"Liberia","LBR",10
"76",-1.45907341009647,-2.31311969751755,-0.59756045920123,"Libya","LBY",6
"77",0.983765020547223,-0.019738121362245,1.99734033607277,"Lithuania","LTU",2
"78",-0.858086533030578,-2.63630442163167,0.952608130825983,"Luxembourg","LUX",1
"79",-0.72620053537773,-1.09372728163126,-0.357308093041442,"Madagascar","MDG",11
"80",-2.52032374154877,-3.73718200181574,-1.28808317629249,"Malawi","MWI",10
"81",1.94308118607311,1.12400166458364,2.76879505006762,"Malaysia","MYS",3
"82",-0.0668101625485029,-0.237663254978404,0.104335533083599,"Mali","MLI",10
"83",-1.8901240380275,-2.83098830917311,-0.940149603453089,"Malta","MLT",2
"84",-6.09422815954486,-8.72372211862672,-3.38898353839248,"Mauritania","MRT",9
"85",-1.01830243331991,-1.41570099979321,-0.619301932033078,"Mexico","MEX",6
"86",1.45888030148034,0.480919141111769,2.44635976681034,"Moldova","MDA",4
"87",2.47276432762829,1.08037087050281,3.88433816095095,"Mongolia","MNG",7
"88",-1.36915887902233,-1.92554794787196,-0.809613342922988,"Morocco","MAR",5
"89",-2.02198260409916,-3.29777742152926,-0.729356194046027,"Mozambique","MOZ",11
"90",1.10165259548984,-0.132359109649871,2.35091233167191,"Namibia","NAM",8
"91",1.90212825107592,1.17254390592636,2.63697383901069,"Nepal","NPL",8
"92",-1.59818458452701,-2.33361877913778,-0.857212522659945,"Netherlands","NLD",1
"93",0.6327667880903,0.216692287627041,1.05056872523086,"New Zealand","NZL",1
"94",-1.82211084521132,-2.69179217941052,-0.944656830371982,"Nicaragua","NIC",7
"95",0.658526389915037,0.247562148054969,1.07117537706434,"Niger","NER",11
"96",1.1296736891405,0.448223018970295,1.81574738799075,"Nigeria","NGA",9
"97",-0.94846238487073,-1.6236964954669,-0.268593610357837,"Norway","NOR",1
"98",-0.836454422435995,-1.59248346370702,-0.0746170859110773,"Oman","OMN",4
"99",-0.47066848807471,-0.850782147201379,-0.0890975668840222,"Pakistan","PAK",8
"100",2.01914388106337,0.926448546553948,3.12366944551998,"Panama","PAN",4
"101",0.202926629203803,-0.468168487210696,0.878546616189158,"Papua New Guinea","PNG",9
"102",1.52972064263983,0.506326302317617,2.56353558049391,"Paraguay","PRY",5
"103",1.27694562830287,0.737996736712221,1.81877789972196,"Peru","PER",5
"104",0.184208618955695,-0.0653866979024476,0.434427321647246,"Philippines","PHL",7
"105",0.377785855301194,-0.0470588559568164,0.804436346625481,"Poland","POL",2
"106",-2.21349550386508,-3.04765486509089,-1.37215919566649,"Portugal","PRT",2
"107",-1.34004501061432,-2.48952152062387,-0.177018200496837,"Qatar","QAT",3
"108",0.624620094830353,-0.529081259796094,1.79170251432004,"Romania","ROU",3
"109",1.09893907342011,0.157045551328694,2.04969031892055,"Russia","RUS",3
"110",1.16621726012824,0.651638199018412,1.68342709421776,"Rwanda","RWA",10
"111",-1.5233892701347,-2.23917458549289,-0.802363117094251,"Saudi Arabia","SAU",4
"112",-0.233129645092223,-0.795213337402156,0.332138753196021,"Senegal","SEN",9
"113",-0.0186047661254629,-1.97966297755907,1.98168764328639,"Serbia","SRB",3
"114",-2.37931766229851,-3.43395276139986,-1.31316448594263,"Sierra Leone","SLE",10
"115",-0.612191387767858,-1.23347815445658,0.0130035579196663,"Singapore","SGP",2
"116",1.59511490629545,0.556437728629189,2.64452088764422,"Slovakia","SVK",2
"117",0.0716671382011702,-0.562427777415919,0.70980555923601,"Slovenia","SVN",2
"118",-1.150051168473,-1.92598448623555,-0.367978890146214,"Somalia","SOM",11
"119",-0.436151573390442,-0.718413964355968,-0.153086696681726,"South Africa","ZAF",5
"120",-2.32019308611975,-3.20336193544192,-1.42896623775951,"Spain","ESP",2
"121",-0.207070306226287,-0.58627656440764,0.173582406038819,"Sri Lanka","LKA",7
"122",-1.21870330444611,-2.26929171076253,-0.1568212523677,"Sudan","SDN",9
"123",-0.528349879641588,-0.937817378996031,-0.117189871313572,"Sweden","SWE",1
"124",0.371080829034609,-0.187164574657195,0.93244845572924,"Switzerland","CHE",1
"125",-4.40133397158819,-6.02027012676935,-2.75450931025696,"Syria","SYR",6
"126",0.36985486033938,-0.193715436105513,0.936607436140968,"Tajikistan","TJK",7
"127",-2.87273793470555,-3.98808440037376,-1.74443476745806,"Tanzania","TZA",10
"128",0.125262304178286,-0.210457860518376,0.462111926196518,"Thailand","THA",4
"129",-1.48091559730065,-2.24895900227455,-0.706837569412211,"Togo","TGO",10
"130",-0.453143504570686,-0.75510270223702,-0.150265575971698,"Tunisia","TUN",4
"131",0.236490652403742,-0.165976209130658,0.640580002629698,"Turkey","TUR",4
"132",-2.39061028829018,-3.35280944313673,-1.41883168050504,"Turkmenistan","TKM",6
"133",-0.840659766853746,-1.4475307007387,-0.230051815185139,"Uganda","UGA",10
"134",-0.27215950013294,-1.10287793796499,0.565536826525048,"Ukraine","UKR",3
"135",-5.00728382923136,-6.98027140759505,-2.99244835426248,"United Arab Emirates","ARE",3
"136",-2.58097124806983,-3.60120469626883,-1.54994019305899,"United Kingdom","GBR",1
"137",-1.09557225965567,-1.56546063967736,-0.623440814434362,"United States","USA",1
"138",0.348740040946316,-0.191195579745074,0.891596550993978,"Uruguay","URY",3
"139",-0.994767019936427,-1.5083059260547,-0.47855050520782,"Uzbekistan","UZB",6
"140",1.24848719645296,0.15109901101773,2.3578998213744,"Venezuela","VEN",4
"141",1.66322410583737,0.939634310392901,2.39200098359742,"Vietnam","VNM",5
"142",-3.13525531358221,-4.50434283481154,-1.74653966792893,"Yemen","YEM",9
"143",-1.65691660557549,-2.45891145419536,-0.848327656491887,"Zambia","ZMB",10
"144",-1.13670388819885,-1.71836182100337,-0.551603542782342,"Zimbabwe","ZWE",8
